Source,Target,Weight,Type
Goh (AC Slater Remix),When A Fire Starts To Burn,0.007910048000000001,Undirected
D.A.N.C.E,I Want It That Way,0.009291379,Undirected
Mi Gente,Need You,0.009651856,Undirected
"Harder, Better, Faster, Stronger",D.A.N.C.E,0.011667779,Undirected
Pressure (Valentino Khan Remix),Play That Funky Music (Gordo Edit),0.012140668,Undirected
Omen (Jonas Rathsman Remix),Cream,0.012201841000000001,Undirected
EDM O'CLOCK,Formation,0.012490718999999999,Undirected
Baby,Planet,0.012651339,Undirected
HUMBLE (Skrillex Remix),SICKO MODE,0.013039773000000001,Undirected
Baby,Midnight Hour,0.013189717,Undirected
Prophecy,Loyal,0.013375673000000001,Undirected
Everybody (Backstreet's Back),You Little Beauty,0.013734286000000002,Undirected
SPEEDBOAT,Only Human,0.01406238,Undirected
Get It Together,Strangers,0.014107763999999998,Undirected
Just,Planet,0.014248521,Undirected
I Want It That Way,Something New,0.014975334,Undirected
Play That Funky Music (Gordo Edit),I Want You,0.014985947,Undirected
Pressure (Valentino Khan Remix),Midnight Hour,0.014995727,Undirected
Pursuit of Happiness,SeeSaw (Club Version),0.015053553999999999,Undirected
Can't Do Without You (Tale Of Us Remix),Pursuit of Happiness,0.015167372,Undirected
Rhymes,Holding On,0.015283224,Undirected
Missing You,Goh (AC Slater Remix),0.015496886999999999,Undirected
Flashing Lights,I Want It That Way,0.016009059,Undirected
Missing You,When A Fire Starts To Burn,0.016172278999999998,Undirected
D.A.N.C.E,Play That Funky Music (Gordo Edit),0.016598871,Undirected
goosebumps.m4a,TURN OFF THE LIGHTS,0.016738571,Undirected
When A Fire Starts To Burn,TURN OFF THE LIGHTS,0.016872967,Undirected
I Like It (Dillon Francis Remix),Drunk in Love,0.016949845,Undirected
Poison (RIFFA Bootleg),Goh (AC Slater Remix),0.017426709,Undirected
0 To 100,Going Bad,0.017463688999999998,Undirected
My Life (Kyle Watson Remix),Get It Together,0.017505391000000002,Undirected
Just,Memories That You Call (ODESZA & Golden Features VIP Remix),0.017526458,Undirected
Fade,Crazy In Love,0.017618641,Undirected
Single Ladies (Put a Ring on It),Mi Gente,0.017632693999999997,Undirected
Latch,Limit To Your Love (Club remix),0.018012393999999998,Undirected
Don't Go (Dusky Remix),Underwater (Adam Port Remix),0.018176693,Undirected
Memories That You Call (ODESZA & Golden Features VIP Remix),Planet,0.018180646,Undirected
Midnight City (Eric Prydz Remix),Easy.m4a,0.018665332,Undirected
Everybody (Backstreet's Back),On Sight,0.018850681,Undirected
D.A.N.C.E,I Want You,0.018885943999999998,Undirected
In The End,The Next Episode,0.019339793,Undirected
Memories That You Call (ODESZA & Golden Features VIP Remix),Baby,0.019353238999999998,Undirected
Prophecy,D.A.N.C.E,0.019355986999999998,Undirected
This Is America (remix),EDM O'CLOCK,0.019438069,Undirected
Genesis,Memories That You Call (ODESZA & Golden Features VIP Remix),0.019771215,Undirected
Aerodynamic,Father Stretch My Hands Pt. 1,0.019888337,Undirected
Limit To Your Love (Club remix),Bambro Koyo Ganda,0.01999773,Undirected
Burns,Midnight City (Eric Prydz Remix),0.020112829,Undirected
You & Me,The Difference,0.020191911,Undirected
Genesis,Fade,0.020355962,Undirected
You Little Beauty,Missing You,0.020378754,Undirected
"Harder, Better, Faster, Stronger",Prophecy,0.020446221,Undirected
I Want You,Pressure (Valentino Khan Remix),0.020477442,Undirected
goosebumps.m4a,Pressure (Valentino Khan Remix),0.020525751999999998,Undirected
Pressure (Valentino Khan Remix),When A Fire Starts To Burn,0.020572533,Undirected
Baby,Genesis,0.020586655,Undirected
BREAK LAW,Get Low,0.020667994,Undirected
Bambro Koyo Ganda,Cream,0.020744316999999998,Undirected
Pressure (Valentino Khan Remix),One More Time (Capital People Remix),0.020779346,Undirected
My Life (Kyle Watson Remix),Midnight Hour,0.020785394,Undirected
Bloom (Lane 8 Remix),Say My Name (feat. Zyra),0.020793449,Undirected
Midnight Hour,Play That Funky Music (Gordo Edit),0.020952191000000002,Undirected
Holding On,This Is America (remix),0.020997867000000003,Undirected
Father Stretch My Hands Pt. 1,goosebumps.m4a,0.021127184,Undirected
Need You,5200,0.021228502000000003,Undirected
Underwater (Adam Port Remix),Aerodynamic,0.021343316,Undirected
Get Low,Say My Name (feat. Zyra),0.021444197999999998,Undirected
Formation,This Is America (remix),0.02145671,Undirected
You Little Beauty,Work (DJZA Tech House Remix),0.021536233999999998,Undirected
Need You,"Harder, Better, Faster, Stronger",0.021559799999999997,Undirected
Just,Baby,0.021615912,Undirected
Formation,Mind (Malaa remix),0.021637381,Undirected
Rhymes,Midnight Hour,0.022268877000000003,Undirected
D.A.N.C.E,Bloom (Lane 8 Remix),0.022603312999999996,Undirected
Latch,Drunk in Love,0.022870941000000002,Undirected
Goh (AC Slater Remix),TURN OFF THE LIGHTS,0.023054228,Undirected
Mi Gente,D.A.N.C.E,0.023108327999999997,Undirected
Drunk in Love,You & Me,0.023169632000000003,Undirected
goosebumps.m4a,Veins,0.02321673,Undirected
Unfaith,goosebumps.m4a,0.023294357999999998,Undirected
Say My Name (feat. Zyra),Tides (Dixon Remix),0.023344617,Undirected
Genesis,Just,0.023423698,Undirected
Need You,D.A.N.C.E,0.023443126,Undirected
Goh (AC Slater Remix),Work (DJZA Tech House Remix),0.023459392000000003,Undirected
When A Fire Starts To Burn,Work (DJZA Tech House Remix),0.023463333,Undirected
You Little Beauty,Only Human,0.023701775,Undirected
Don't Go (Dusky Remix),Father Stretch My Hands Pt. 1,0.023703513,Undirected
In The End,Bambro Koyo Ganda,0.023738389,Undirected
Fade,Just,0.023759454,Undirected
Play That Funky Music (Gordo Edit),Need You,0.02378064,Undirected
When A Fire Starts To Burn,Baby,0.024021356,Undirected
TURN OFF THE LIGHTS,Pressure (Valentino Khan Remix),0.024021564,Undirected
BREAK LAW,When A Fire Starts To Burn,0.024085096,Undirected
I'm Sprung,Sexual Healing (Kygo Remix),0.024087447,Undirected
goosebumps.m4a,One More Time (Capital People Remix),0.024125362999999997,Undirected
CP-1,Work (DJZA Tech House Remix),0.024148688999999997,Undirected
Get Low,Zoom Zoom,0.024184721,Undirected
Mind (Malaa remix),You Little Beauty,0.024246275,Undirected
goosebumps.m4a,Pursuit of Happiness,0.024478242999999997,Undirected
CP-1,You Little Beauty,0.024496892000000003,Undirected
Rhymes,Genesis,0.024524647000000004,Undirected
Missing You,Baby,0.024548228,Undirected
Wake,Aerodynamic,0.02463348,Undirected
Pony,Exhale,0.024714179,Undirected
Never Be Like You (Disclosure Remix),BREAK LAW,0.024774533999999997,Undirected
Underwater (Adam Port Remix),Bloom (Lane 8 Remix),0.024792584,Undirected
D.A.N.C.E,Underwater (Adam Port Remix),0.024877312999999998,Undirected
Pressure (Valentino Khan Remix),Pursuit of Happiness,0.024926386000000002,Undirected
"Harder, Better, Faster, Stronger",Loyal,0.024951277,Undirected
Don't Go (Dusky Remix),Aerodynamic,0.024995555,Undirected
Veins,Pursuit of Happiness,0.025061145,Undirected
Poison (RIFFA Bootleg),Runaway (U&I),0.025079572,Undirected
Mind (Malaa remix),Everybody (Backstreet's Back),0.025224062999999998,Undirected
Missing You,Pressure (Valentino Khan Remix),0.025250903999999998,Undirected
Baby,Rhymes,0.025297168999999998,Undirected
My Life (Kyle Watson Remix),When A Fire Starts To Burn,0.025475846,Undirected
Work (DJZA Tech House Remix),TURN OFF THE LIGHTS,0.025488788999999998,Undirected
Work (DJZA Tech House Remix),Missing You,0.025517467999999998,Undirected
SPEEDBOAT,Mind (Malaa remix),0.025568267999999998,Undirected
Genesis,Notorious,0.025624626,Undirected
Zoom Zoom,BREAK LAW,0.025726467000000003,Undirected
Don't Go (Dusky Remix),Genesis,0.025799013,Undirected
Tight,TURN OFF THE LIGHTS,0.025996355,Undirected
Veins,TURN OFF THE LIGHTS,0.026147157,Undirected
Play That Funky Music (Gordo Edit),5200,0.026187291,Undirected
Face My Fears.m4a,Patty Cake,0.026196675,Undirected
Get It Together,Latch,0.026235921000000002,Undirected
Work (DJZA Tech House Remix),Limit To Your Love (Club remix),0.026244622000000002,Undirected
Runaway (U&I),Limit To Your Love (Club remix),0.026391757999999998,Undirected
Veins,No Return,0.026414095,Undirected
Latch,Strangers,0.026504227999999998,Undirected
Wake,D.A.N.C.E,0.026511639,Undirected
Nice For What,The Next Episode,0.026536632999999997,Undirected
Single Ladies (Put a Ring on It),I Want It That Way,0.026605586,Undirected
Nice For What,Holdin' On,0.02664395,Undirected
Missing You,Never Be Like You (Disclosure Remix),0.02668964,Undirected
Tight,Better Off Alone,0.026799873999999998,Undirected
Genesis,Missing You,0.026858764,Undirected
Pressure (Valentino Khan Remix),Goh (AC Slater Remix),0.026934257000000003,Undirected
BREAK LAW,Work (DJZA Tech House Remix),0.026976177,Undirected
Drunk in Love,My Life (Kyle Watson Remix),0.026999281,Undirected
Don't Go (Dusky Remix),Baby,0.027007468,Undirected
Omen (Jonas Rathsman Remix),Bambro Koyo Ganda,0.027106572000000002,Undirected
Missing You,Midnight Hour,0.027160487999999997,Undirected
Just,Missing You,0.027195816,Undirected
When A Fire Starts To Burn,Don't Go (Dusky Remix),0.027257837000000004,Undirected
I Want You,Pony,0.027301621,Undirected
Just,Never Be Like You (Disclosure Remix),0.027413837000000003,Undirected
When A Fire Starts To Burn,Midnight Hour,0.027463111000000002,Undirected
My Life (Kyle Watson Remix),Work (DJZA Tech House Remix),0.027665743,Undirected
BREAK LAW,Just,0.027698808999999998,Undirected
Holding On,Formation,0.027823885,Undirected
Prophecy,raingurl,0.027864991000000002,Undirected
Mind (Malaa remix),Holding On,0.027865025,Undirected
BREAK LAW,Say My Name (feat. Zyra),0.027873381000000003,Undirected
Don't Go (Dusky Remix),Planet,0.027889611,Undirected
When A Fire Starts To Burn,goosebumps.m4a,0.027957075,Undirected
TURN OFF THE LIGHTS,Father Stretch My Hands Pt. 1,0.028091621,Undirected
Midnight Hour,Can't Do Without You (Tale Of Us Remix),0.028171889,Undirected
Missing You,TURN OFF THE LIGHTS,0.028192152999999998,Undirected
Something New,Flashing Lights,0.028249609,Undirected
I Want You,Prophecy,0.028325537,Undirected
BREAK LAW,Underwater (Adam Port Remix),0.028589233999999998,Undirected
Brighter,My Life (Kyle Watson Remix),0.028869545,Undirected
Drunk in Love,The Difference,0.028892937999999996,Undirected
Easy.m4a,Aerodynamic,0.028917082,Undirected
Latch,My Life (Kyle Watson Remix),0.029057807999999997,Undirected
Underwater (Adam Port Remix),Genesis,0.029213157000000003,Undirected
SPEEDBOAT,In The End,0.029216807999999997,Undirected
Wake,"Harder, Better, Faster, Stronger",0.029252768999999998,Undirected
Missing You,Masta Blasta (THE REBIRTH),0.029375521,Undirected
Losing It,Show Me Show Me,0.029427007999999998,Undirected
Loyal,Fly Kicks (Wax Motif Remix),0.029475828,Undirected
Poison (RIFFA Bootleg),Prophecy,0.029504182,Undirected
Need You,raingurl,0.029594881,Undirected
Rhymes,This Is America (remix),0.029683854,Undirected
Wake,Underwater (Adam Port Remix),0.029730727999999998,Undirected
5200,Veins,0.029915476,Undirected
Father Stretch My Hands Pt. 1,When A Fire Starts To Burn,0.029965936000000002,Undirected
Say My Name (feat. Zyra),goosebumps.m4a,0.030051272999999996,Undirected
Cry Me a River,Exhale,0.030226011,Undirected
Everybody (Backstreet's Back),SPEEDBOAT,0.030273257,Undirected
Baby,My Life (Kyle Watson Remix),0.030412065,Undirected
HUMBLE (Skrillex Remix),Drunk in Love,0.030479235,Undirected
Pony,Prophecy,0.030545931000000002,Undirected
Poison (RIFFA Bootleg),Drop It LIke It's Hot (DEL30 remix),0.030584238,Undirected
Pressure (Valentino Khan Remix),Baby,0.030645321,Undirected
Latch,You Are Going to Love Me and Scream,0.030652212999999998,Undirected
Underwater (Adam Port Remix),Say My Name (feat. Zyra),0.03069501,Undirected
TURN OFF THE LIGHTS,Play That Funky Music (Gordo Edit),0.030699373,Undirected
My Life (Kyle Watson Remix),Goh (AC Slater Remix),0.030728587999999998,Undirected
I Want You,Poison (RIFFA Bootleg),0.030797513,Undirected
You & Me,I Like It (Dillon Francis Remix),0.030823827,Undirected
Wake,Need You,0.030866453999999998,Undirected
Only Human,Mind (Malaa remix),0.030906811,Undirected
Cry Me a River,Pony,0.030933454,Undirected
Fade,Never Be Like You (Disclosure Remix),0.031115722999999998,Undirected
Poison (RIFFA Bootleg),Only Human,0.031136293,Undirected
When A Fire Starts To Burn,Underwater (Adam Port Remix),0.031204957000000002,Undirected
Single Ladies (Put a Ring on It),Flashing Lights,0.031519217999999995,Undirected
Never Be Like You (Disclosure Remix),Low Key Goddess,0.031548197,Undirected
Single Ladies (Put a Ring on It),0 To 100,0.031553231,Undirected
Pressure (Valentino Khan Remix),Can't Do Without You (Tale Of Us Remix),0.031744025,Undirected
Everybody (Backstreet's Back),The Next Episode,0.031814163,Undirected
Goh (AC Slater Remix),I Want You,0.031829981,Undirected
Genesis,Planet,0.031885497,Undirected
Pressure (Valentino Khan Remix),No Return,0.031937412000000005,Undirected
Low Key Goddess,Just,0.031955236,Undirected
Pony,Goh (AC Slater Remix),0.032358097,Undirected
When A Fire Starts To Burn,Planet,0.032544738,Undirected
HUMBLE (Skrillex Remix),Pony,0.032620717,Undirected
Bloom (Lane 8 Remix),I Want You,0.032667577999999996,Undirected
Limit To Your Love (Club remix),Everybody (Backstreet's Back),0.032738592999999996,Undirected
Omen (Jonas Rathsman Remix),Tell Me,0.032813457000000004,Undirected
Tell Me,Mumbai Power,0.032891832,Undirected
Play That Funky Music (Gordo Edit),No Return,0.032979562999999996,Undirected
Pony,Patty Cake,0.03297962,Undirected
Father Stretch My Hands Pt. 1,Underwater (Adam Port Remix),0.033008621,Undirected
BREAK LAW,Fade,0.033026742000000005,Undirected
Crazy In Love,BREAK LAW,0.033070091,Undirected
Just,Okay,0.033084497000000004,Undirected
Play That Funky Music (Gordo Edit),When A Fire Starts To Burn,0.033090529,Undirected
Estamos Bien,Can't Do Without You (Tale Of Us Remix),0.033091958,Undirected
Estamos Bien,Pursuit of Happiness,0.033099855,Undirected
Midnight Hour,Genesis,0.033106676,Undirected
Stimulation,Masta Blasta (THE REBIRTH),0.03321291,Undirected
Rhymes,Memories That You Call (ODESZA & Golden Features VIP Remix),0.033253933,Undirected
Pursuit of Happiness,Play That Funky Music (Gordo Edit),0.033371942,Undirected
Planet,Midnight Hour,0.033385249,Undirected
Need You,One More Time (Capital People Remix),0.033398476,Undirected
Okay,Rhymes,0.033423805,Undirected
One More Time (Capital People Remix),When A Fire Starts To Burn,0.033427233,Undirected
Just,Midnight Hour,0.03344166,Undirected
Unfaith,Aerodynamic,0.033462368,Undirected
Aerodynamic,Midnight City (Eric Prydz Remix),0.033486101000000004,Undirected
Get It Together,Goh (AC Slater Remix),0.033504529,Undirected
Limit To Your Love (Club remix),Get It Together,0.03365082,Undirected
Pressure (Valentino Khan Remix),Veins,0.033690153,Undirected
Memories That You Call (ODESZA & Golden Features VIP Remix),Fade,0.033705862,Undirected
Work (DJZA Tech House Remix),Get It Together,0.033745807,Undirected
Play That Funky Music (Gordo Edit),goosebumps.m4a,0.033750254,Undirected
Kiss It Better (Four Tet Remix),You Are Going to Love Me and Scream,0.033871185,Undirected
D.A.N.C.E,Pressure (Valentino Khan Remix),0.033909344,Undirected
No Return,Pursuit of Happiness,0.034048037,Undirected
Aerodynamic,D.A.N.C.E,0.034072297,Undirected
Okay,Midnight Hour,0.034109653,Undirected
Don't Go (Dusky Remix),Missing You,0.034266608,Undirected
Just,When A Fire Starts To Burn,0.034333731,Undirected
Estamos Bien,SeeSaw (Club Version),0.034399214,Undirected
Y.O.D.O,Yummy (Dance remix),0.034619047,Undirected
Missing You,Play That Funky Music (Gordo Edit),0.034621724,Undirected
Hold Tight,Drop It LIke It's Hot (DEL30 remix),0.034743357999999995,Undirected
SeeSaw (Club Version),Can't Do Without You (Tale Of Us Remix),0.034747732,Undirected
Sexual Healing (Kygo Remix),Holdin' On,0.034748006,Undirected
Say My Name (feat. Zyra),D.A.N.C.E,0.034752005,Undirected
Father Stretch My Hands Pt. 1,Say My Name (feat. Zyra),0.034853084,Undirected
Rhymes,Formation,0.034874395,Undirected
My Life (Kyle Watson Remix),This Is America (remix),0.034903422,Undirected
Runaway (U&I),Latch,0.034908447999999995,Undirected
Bloom (Lane 8 Remix),Pressure (Valentino Khan Remix),0.034929529,Undirected
Formation,Brighter,0.034999943,Undirected
Play That Funky Music (Gordo Edit),Goh (AC Slater Remix),0.035069644,Undirected
Work (DJZA Tech House Remix),Latch,0.03507203,Undirected
Pressure (Valentino Khan Remix),Need You,0.03507351,Undirected
Get It Together,When A Fire Starts To Burn,0.035178093,Undirected
Play That Funky Music (Gordo Edit),Veins,0.035272921,Undirected
goosebumps.m4a,SeeSaw (Club Version),0.035396506,Undirected
I Want You,Exhale,0.035487514,Undirected
Underwater (Adam Port Remix),Missing You,0.03553855,Undirected
Faded,Bloom (Lane 8 Remix),0.035561404,Undirected
Need You,Aerodynamic,0.03557872,Undirected
Memories That You Call (ODESZA & Golden Features VIP Remix),Midnight Hour,0.035592621,Undirected
Midnight Hour,Formation,0.035628269,Undirected
5200,No Return,0.03571199,Undirected
I Want It That Way,Need You,0.035815766,Undirected
Say My Name (feat. Zyra),When A Fire Starts To Burn,0.035823903,Undirected
Formation,My Life (Kyle Watson Remix),0.03583475,Undirected
Can't Do Without You (Tale Of Us Remix),Father Stretch My Hands Pt. 1,0.035839848,Undirected
D.A.N.C.E,TURN OFF THE LIGHTS,0.035873642000000004,Undirected
Play That Funky Music (Gordo Edit),My Life (Kyle Watson Remix),0.035895473,Undirected
Wake,Prophecy,0.035952212000000004,Undirected
Midnight Hour,Work (DJZA Tech House Remix),0.035954738,Undirected
Only Human,Work (DJZA Tech House Remix),0.035961303,Undirected
SPEEDBOAT,raingurl,0.03599655,Undirected
Drunk in Love,Stimulation,0.036088302999999995,Undirected
Flashing Lights,0 To 100,0.036100243,Undirected
Mind (Malaa remix),Rhymes,0.036147672,Undirected
Poison (RIFFA Bootleg),Latch,0.036214728,Undirected
When A Fire Starts To Burn,Rhymes,0.036223995,Undirected
In The End,Everybody (Backstreet's Back),0.036225785,Undirected
Goh (AC Slater Remix),Underwater (Adam Port Remix),0.036249834,Undirected
Baby,Masta Blasta (THE REBIRTH),0.036323601000000004,Undirected
My Life (Kyle Watson Remix),Pressure (Valentino Khan Remix),0.036447409,Undirected
You Little Beauty,SPEEDBOAT,0.036547465,Undirected
Formation,Drunk in Love,0.036666226,Undirected
"Harder, Better, Faster, Stronger",I Want You,0.036674433,Undirected
My Life (Kyle Watson Remix),Strangers,0.036679497,Undirected
BREAK LAW,Okay,0.036759997,Undirected
Tides (Dixon Remix),goosebumps.m4a,0.036773414,Undirected
Bloom (Lane 8 Remix),Play That Funky Music (Gordo Edit),0.036785392,Undirected
Limit To Your Love (Club remix),Only Human,0.036791886,Undirected
Missing You,Stimulation,0.036915732,Undirected
This Is America (remix),Cream,0.036957052000000004,Undirected
Say My Name (feat. Zyra),Yummy (Dance remix),0.037094557,Undirected
Bambro Koyo Ganda,Formation,0.037152007,Undirected
TURN OFF THE LIGHTS,Get It Together,0.037154664,Undirected
Missing You,Rhymes,0.037196839,Undirected
Okay,Faded,0.037219332,Undirected
Masta Blasta (THE REBIRTH),Planet,0.037275043,Undirected
When A Fire Starts To Burn,Never Be Like You (Disclosure Remix),0.037331377,Undirected
No Return,I Want You,0.037335288,Undirected
The Next Episode,Fade,0.037383485,Undirected
"Harder, Better, Faster, Stronger",Play That Funky Music (Gordo Edit),0.037420885,Undirected
Missing You,Father Stretch My Hands Pt. 1,0.037529859,Undirected
Genesis,Low Key Goddess,0.037550929,Undirected
You Little Beauty,Stimulation,0.03758857,Undirected
Hellifornia,Nice For What,0.037595137,Undirected
Everybody (Backstreet's Back),Work (DJZA Tech House Remix),0.037699197000000004,Undirected
BREAK LAW,Genesis,0.037704343,Undirected
5200,D.A.N.C.E,0.037737366,Undirected
Cry Me a River,Patty Cake,0.037849835,Undirected
Memories That You Call (ODESZA & Golden Features VIP Remix),Don't Go (Dusky Remix),0.037939296000000004,Undirected
Just,Rhymes,0.037977836,Undirected
Need You,Prophecy,0.037984259,Undirected
Masta Blasta (THE REBIRTH),Strangers,0.038084002,Undirected
When A Fire Starts To Burn,Genesis,0.038086643999999996,Undirected
Hold Tight,Poison (RIFFA Bootleg),0.03811144,Undirected
No Return,Can't Do Without You (Tale Of Us Remix),0.038156722000000004,Undirected
Limit To Your Love (Club remix),Poison (RIFFA Bootleg),0.038182363,Undirected
Mind (Malaa remix),Drunk in Love,0.03818828,Undirected
This Is America (remix),Midnight Hour,0.038230235,Undirected
raingurl,Loyal,0.038343099,Undirected
When A Fire Starts To Burn,Aerodynamic,0.038416803,Undirected
Can't Do Without You (Tale Of Us Remix),Play That Funky Music (Gordo Edit),0.038428751000000004,Undirected
Low Key Goddess,Missing You,0.038554492999999995,Undirected
BREAK LAW,Low Key Goddess,0.038643141,Undirected
Work (DJZA Tech House Remix),Poison (RIFFA Bootleg),0.038673158,Undirected
Formation,Rhythm Of The Night (Blonde Remix),0.038673932,Undirected
In The End,Nice For What,0.03869549,Undirected
Okay,Planet,0.038698625,Undirected
Brighter,Latch,0.038715199,Undirected
The Difference,I Like It (Dillon Francis Remix),0.038715603,Undirected
Prophecy,Goh (AC Slater Remix),0.038735099,Undirected
Exhale,Fly Kicks (Wax Motif Remix),0.038748084,Undirected
Pressure (Valentino Khan Remix),5200,0.038764054,Undirected
Don't Go (Dusky Remix),Low Key Goddess,0.038769427999999995,Undirected
Don't Go (Dusky Remix),Midnight City (Eric Prydz Remix),0.038788864,Undirected
Goh (AC Slater Remix),Rhymes,0.038830756,Undirected
When A Fire Starts To Burn,Poison (RIFFA Bootleg),0.038861618,Undirected
My Life (Kyle Watson Remix),Missing You,0.03889336,Undirected
Genesis,Never Be Like You (Disclosure Remix),0.038937009,Undirected
Strangers,Drunk in Love,0.038965863999999996,Undirected
Rhymes,My Life (Kyle Watson Remix),0.038979203,Undirected
Missing You,Only Human,0.038984691,Undirected
I Want You,Loyal,0.038986737,Undirected
Underwater (Adam Port Remix),Midnight City (Eric Prydz Remix),0.039028883,Undirected
Brighter,This Is America (remix),0.039041584,Undirected
On Sight,Crazy In Love,0.03907101,Undirected
Drunk in Love,Get It Together,0.039151091,Undirected
Limit To Your Love (Club remix),Mind (Malaa remix),0.039206714,Undirected
Pressure (Valentino Khan Remix),Father Stretch My Hands Pt. 1,0.039222461,Undirected
Planet,Missing You,0.039298852,Undirected
Midnight Hour,Pursuit of Happiness,0.039315821,Undirected
Goh (AC Slater Remix),Only Human,0.039430675,Undirected
Faded,Genesis,0.039444116,Undirected
Yummy (Dance remix),Ghost Voices (Lane 8 Remix),0.039458576,Undirected
"Harder, Better, Faster, Stronger",5200,0.039510567,Undirected
Baby,Okay,0.039531585,Undirected
D.A.N.C.E,Goh (AC Slater Remix),0.039538281,Undirected
D.A.N.C.E,Father Stretch My Hands Pt. 1,0.039595738,Undirected
My Life (Kyle Watson Remix),Poison (RIFFA Bootleg),0.03962546,Undirected
Pay For What,Better Off Alone,0.039646101,Undirected
Can't Do Without You (Tale Of Us Remix),Baby,0.039654253,Undirected
BREAK LAW,Don't Go (Dusky Remix),0.039677724,Undirected
Veins,I Want You,0.039728851,Undirected
Veins,D.A.N.C.E,0.039911048,Undirected
Y.O.D.O,Ghost Voices (Lane 8 Remix),0.039933517,Undirected
Pressure (Valentino Khan Remix),Genesis,0.039953432000000004,Undirected
Say My Name (feat. Zyra),Ghost Voices (Lane 8 Remix),0.040097177000000005,Undirected
Need You,When A Fire Starts To Burn,0.040099829,Undirected
Cream,Formation,0.040148585,Undirected
Need You,I Want You,0.04021233,Undirected
EDM O'CLOCK,Holding On,0.040334875,Undirected
Never Be Like You (Disclosure Remix),Baby,0.040363684,Undirected
Midnight Hour,TURN OFF THE LIGHTS,0.04039178,Undirected
Formation,Limit To Your Love (Club remix),0.040518364,Undirected
You Little Beauty,Drunk in Love,0.040580711,Undirected
Strangers,You Little Beauty,0.040622934,Undirected
Goh (AC Slater Remix),Drop It LIke It's Hot (DEL30 remix),0.040681872,Undirected
Midnight Hour,Goh (AC Slater Remix),0.040740093,Undirected
D.A.N.C.E,When A Fire Starts To Burn,0.04075803,Undirected
Exhale,Patty Cake,0.040769898,Undirected
Rhymes,Work (DJZA Tech House Remix),0.040792366000000004,Undirected
Unfaith,TURN OFF THE LIGHTS,0.040936487,Undirected
"Harder, Better, Faster, Stronger",raingurl,0.040946233,Undirected
Work (DJZA Tech House Remix),Strangers,0.041086791,Undirected
TURN OFF THE LIGHTS,My Life (Kyle Watson Remix),0.04112464,Undirected
Underwater (Adam Port Remix),One More Time (Capital People Remix),0.041130699,Undirected
Formation,SPEEDBOAT,0.041182705,Undirected
One More Time (Capital People Remix),Bloom (Lane 8 Remix),0.041217143,Undirected
Pony,Only Human,0.041233281000000004,Undirected
Can't Do Without You (Tale Of Us Remix),Snowchild,0.041248146,Undirected
Goh (AC Slater Remix),Limit To Your Love (Club remix),0.04126518,Undirected
Just,Don't Go (Dusky Remix),0.041323065,Undirected
CP-1,Rotlicht,0.041356733,Undirected
Poison (RIFFA Bootleg),Missing You,0.041425555,Undirected
I Want You,TURN OFF THE LIGHTS,0.041464373,Undirected
Prophecy,Play That Funky Music (Gordo Edit),0.041485483,Undirected
Patty Cake,Better Off Alone,0.041508631000000004,Undirected
Goh (AC Slater Remix),You Little Beauty,0.04154831,Undirected
Don't Go (Dusky Remix),Goh (AC Slater Remix),0.041567158,Undirected
goosebumps.m4a,Can't Do Without You (Tale Of Us Remix),0.041577172999999995,Undirected
Father Stretch My Hands Pt. 1,Wake,0.041683972,Undirected
Drunk in Love,Play That Funky Music (Gordo Edit),0.041700617999999995,Undirected
Mind (Malaa remix),Bambro Koyo Ganda,0.041787232,Undirected
TURN OFF THE LIGHTS,Need You,0.041791161,Undirected
Midnight Hour,Holding On,0.041807892,Undirected
Missing You,Aerodynamic,0.041818566,Undirected
You Little Beauty,Midnight Hour,0.041836537,Undirected
Baby,Goh (AC Slater Remix),0.041850376,Undirected
Father Stretch My Hands Pt. 1,Tides (Dixon Remix),0.041894251,Undirected
Mind (Malaa remix),Work (DJZA Tech House Remix),0.041920671,Undirected
Father Stretch My Hands Pt. 1,Easy.m4a,0.042028202,Undirected
HUMBLE (Skrillex Remix),The Difference,0.042089047000000004,Undirected
goosebumps.m4a,5200,0.042156734,Undirected
One More Time (Capital People Remix),Play That Funky Music (Gordo Edit),0.042214000999999994,Undirected
TURN OFF THE LIGHTS,Aerodynamic,0.042228247000000003,Undirected
Memories That You Call (ODESZA & Golden Features VIP Remix),Missing You,0.042232997,Undirected
SICKO MODE,Pony,0.04226260900000001,Undirected
Pony,TURN OFF THE LIGHTS,0.042331710999999994,Undirected
The Difference,Tell Me,0.042348212999999996,Undirected
Y.O.D.O,Tides (Dixon Remix),0.042363439,Undirected
On Sight,Nice For What,0.04242462,Undirected
goosebumps.m4a,Masta Blasta (THE REBIRTH),0.042438908,Undirected
Runaway (U&I),Only Human,0.042459554000000004,Undirected
Notorious,Burns,0.042477339,Undirected
Only Human,TURN OFF THE LIGHTS,0.042533937,Undirected
My Life (Kyle Watson Remix),Limit To Your Love (Club remix),0.042545427999999996,Undirected
Aerodynamic,One More Time (Capital People Remix),0.042579985,Undirected
Say My Name (feat. Zyra),Unfaith,0.042598912,Undirected
Can't Do Without You (Tale Of Us Remix),Unfaith,0.042629908,Undirected
Mi Gente,Wake,0.042652742,Undirected
Limit To Your Love (Club remix),Strangers,0.042661625999999994,Undirected
TURN OFF THE LIGHTS,Never Be Like You (Disclosure Remix),0.042708693,Undirected
Pressure (Valentino Khan Remix),Rhymes,0.042710712000000005,Undirected
Tides (Dixon Remix),BREAK LAW,0.042800279000000004,Undirected
HUMBLE (Skrillex Remix),I Like It (Dillon Francis Remix),0.043002360999999996,Undirected
Planet,Can't Do Without You (Tale Of Us Remix),0.043025392,Undirected
Tides (Dixon Remix),TURN OFF THE LIGHTS,0.043059209,Undirected
Get It Together,Midnight Hour,0.043077742,Undirected
Father Stretch My Hands Pt. 1,Crazy In Love,0.043121433,Undirected
Rotlicht,Midnight Hour,0.043131699999999995,Undirected
Pressure (Valentino Khan Remix),Get It Together,0.043138138,Undirected
Veins,SeeSaw (Club Version),0.043162112999999995,Undirected
Stimulation,Father Stretch My Hands Pt. 1,0.043177482999999996,Undirected
Midnight Hour,Drunk in Love,0.043190506,Undirected
Goh (AC Slater Remix),Aerodynamic,0.043221562000000005,Undirected
Exhale,Poison (RIFFA Bootleg),0.04322291599999999,Undirected
This Is America (remix),Mind (Malaa remix),0.043236925999999995,Undirected
One More Time (Capital People Remix),TURN OFF THE LIGHTS,0.043245316,Undirected
Poison (RIFFA Bootleg),SPEEDBOAT,0.043259919,Undirected
Drunk in Love,Only Human,0.043264247,Undirected
Get It Together,Rhythm Of The Night (Blonde Remix),0.043312083,Undirected
Limit To Your Love (Club remix),You Little Beauty,0.043323774,Undirected
Rhythm Of The Night (Blonde Remix),Strangers,0.043356083,Undirected
Play That Funky Music (Gordo Edit),Underwater (Adam Port Remix),0.04337972599999999,Undirected
Genesis,Goh (AC Slater Remix),0.043406491,Undirected
TURN OFF THE LIGHTS,Don't Go (Dusky Remix),0.043416663,Undirected
Pressure (Valentino Khan Remix),Underwater (Adam Port Remix),0.043473397000000004,Undirected
Single Ladies (Put a Ring on It),Something New,0.04349449,Undirected
One More Time (Capital People Remix),Goh (AC Slater Remix),0.043522005,Undirected
TURN OFF THE LIGHTS,Poison (RIFFA Bootleg),0.043528589000000006,Undirected
I Want You,When A Fire Starts To Burn,0.04355116,Undirected
Drunk in Love,Poison (RIFFA Bootleg),0.043621012,Undirected
Missing You,CP-1,0.043642537,Undirected
Fade,Nice For What,0.043673127,Undirected
Midnight Hour,Mind (Malaa remix),0.043713528,Undirected
Only Human,Latch,0.043772087,Undirected
Brighter,Mind (Malaa remix),0.043801125,Undirected
Hold Tight,Runaway (U&I),0.043820755,Undirected
Poison (RIFFA Bootleg),Play That Funky Music (Gordo Edit),0.044005502,Undirected
"Harder, Better, Faster, Stronger",Bloom (Lane 8 Remix),0.044043582000000005,Undirected
SPEEDBOAT,Passionfruit,0.04404788,Undirected
SPEEDBOAT,Missing You,0.044109389000000006,Undirected
Masta Blasta (THE REBIRTH),SICKO MODE,0.044134494,Undirected
Father Stretch My Hands Pt. 1,Mi Gente,0.044195924000000004,Undirected
Never Be Like You (Disclosure Remix),Rotlicht,0.044261515,Undirected
D.A.N.C.E,BREAK LAW,0.044262147,Undirected
Missing You,Strangers,0.04426261,Undirected
CP-1,Stimulation,0.044273899000000005,Undirected
Latch,TURN OFF THE LIGHTS,0.04430078900000001,Undirected
Can't Do Without You (Tale Of Us Remix),Masta Blasta (THE REBIRTH),0.044339736,Undirected
You Little Beauty,TURN OFF THE LIGHTS,0.044378493,Undirected
Rhythm Of The Night (Blonde Remix),Drunk in Love,0.044403899000000004,Undirected
Loyal,Bloom (Lane 8 Remix),0.044428772000000005,Undirected
One More Time (Capital People Remix),5200,0.044506372,Undirected
Drunk in Love,SICKO MODE,0.044528217,Undirected
Bloom (Lane 8 Remix),Prophecy,0.044576686,Undirected
I Want You,Missing You,0.044650112,Undirected
Father Stretch My Hands Pt. 1,Play That Funky Music (Gordo Edit),0.044689832,Undirected
Tides (Dixon Remix),Unfaith,0.044695677,Undirected
Single Ladies (Put a Ring on It),Hellifornia,0.044754457000000004,Undirected
Missing You,Get It Together,0.044775003,Undirected
Unfaith,Easy.m4a,0.044806822999999996,Undirected
Get It Together,Formation,0.044861989000000005,Undirected
TURN OFF THE LIGHTS,Say My Name (feat. Zyra),0.044924902,Undirected
Masta Blasta (THE REBIRTH),Goh (AC Slater Remix),0.045011002,Undirected
Planet,Yummy (Dance remix),0.045015169,Undirected
Play That Funky Music (Gordo Edit),Baby,0.045046957,Undirected
Prophecy,Everything I Wanted (Rauschhaus Edit),0.045062369000000005,Undirected
You Little Beauty,Formation,0.045117721,Undirected
Tell Me,Formation,0.045150055,Undirected
Body Funk (Dom Dolla Remix),Prophecy,0.045174409000000006,Undirected
Body Funk (Dom Dolla Remix),Say My Name (feat. Zyra),0.045175129,Undirected
Underwater (Adam Port Remix),I Want You,0.045184840999999996,Undirected
Rhymes,Don't Go (Dusky Remix),0.045193033,Undirected
Aerodynamic,Pressure (Valentino Khan Remix),0.045207570999999995,Undirected
Body Funk (Dom Dolla Remix),Bloom (Lane 8 Remix),0.045241704,Undirected
When A Fire Starts To Burn,Low Key Goddess,0.045254620999999995,Undirected
Underwater (Adam Port Remix),Planet,0.04533852,Undirected
Veins,One More Time (Capital People Remix),0.045361069000000004,Undirected
goosebumps.m4a,Midnight Hour,0.045406537999999996,Undirected
D.A.N.C.E,One More Time (Capital People Remix),0.045487479000000004,Undirected
