,track_x,track_y,dist,bpm_inc,key_x,mode_x,instrumentalness_x,speechiness_x,key_y,mode_y,instrumentalness_y,speechiness_y
0,What So Not - Goh (AC Slater Remix).mp3,Disclosure - When A Fire Starts To Burn.mp3,0.007910048223668035,0.04236630522477183,6,1,0.92,0.062,7,1,0.00134,0.231
1,Justice - D.A.N.C.E.mp3,Backstreet Boys - I Want It That Way.mp3,0.009291379286131937,0.14120830850945654,6,0,0.0,0.278,6,0,0.0,0.0261
2,J Balvin - Mi Gente.mp3,Dillon Francis - Need You.mp3,0.009651855532429159,0.06671176364104074,11,0,1.17e-05,0.0584,4,0,0.0545,0.196
3,"Daft Punk - Harder, Better, Faster, Stronger.mp3",Justice - D.A.N.C.E.mp3,0.011667778843822434,0.0925540857408308,6,0,0.00263,0.14400000000000002,6,0,0.0,0.278
4,RL Grime - Pressure (Valentino Khan Remix).mp3,Wild Cherry - Play That Funky Music (Gordo Edit).mp3,0.012140667601870336,0.024097523809523808,2,1,0.284,0.174,9,1,0.0,0.0619
5,Disclosure - Omen (Jonas Rathsman Remix).mp3,Claptone - Cream.mp3,0.012201841191629691,0.033314723307806965,5,0,0.8540000000000001,0.0336,1,1,0.911,0.0586
6,Dillon Francis - EDM O'CLOCK.mp3,Beyonce - Formation.mp3,0.012490718945245286,0.00886210091336923,1,1,0.124,0.109,5,0,0.0,0.237
7,Four Tet - Baby.mp3,Four Tet - Planet.mp3,0.012651338668948905,0.0006536308009734581,0,1,0.00325,0.248,0,1,0.862,0.0747
8,Kendrick Lamar – HUMBLE (Skrillex Remix).mp3,Travis Scott - SICKO MODE.mp3,0.013039772584607064,0.03318691719600867,11,1,8.23e-05,0.272,8,1,0.0,0.222
9,Four Tet - Baby.mp3,Skrillex - Midnight Hour.mp3,0.013189717133348874,0.008636428582768484,0,1,0.00325,0.248,0,1,0.000392,0.0685
10,Tchami - Prophecy.mp3,ODESZA - Loyal.mp3,0.013375673095217241,0.11961634455394868,11,1,0.772,0.0487,2,1,0.7809999999999999,0.0745
11,Backstreet Boys - Everybody (Backstreet's Back).mp3,FISHER - You Little Beauty.mp3,0.01373428576772077,0.147804593551254,10,0,3.27e-06,0.0402,6,0,0.452,0.0924
12,Denzel Curry - SPEEDBOAT.mp3,Four Tet - Only Human.mp3,0.014062379563894415,0.05813982553053211,6,1,0.0,0.131,10,0,0.138,0.0691
13,Drake - Get It Together.mp3,Seven Lions - Strangers.mp3,0.01410776418412766,0.056547788409166674,5,0,0.391,0.0514,0,0,1.6e-06,0.0394
14,Bicep - Just.mp3,Four Tet - Planet.mp3,0.01424852122424216,0.05817403043282595,7,1,0.669,0.0599,0,1,0.862,0.0747
15,Backstreet Boys - I Want It That Way.mp3,Getter - Something New.mp3,0.014975333964019254,0.100136640856727,6,0,0.0,0.0261,6,0,0.103,0.0941
16,Wild Cherry - Play That Funky Music (Gordo Edit).mp3,Chris Lake - I Want You.mp3,0.014985946914554831,0.01593803174603171,9,1,0.0,0.0619,11,0,0.35100000000000003,0.0712
17,RL Grime - Pressure (Valentino Khan Remix).mp3,Skrillex - Midnight Hour.mp3,0.014995726516233448,0.00026988839321156094,2,1,0.284,0.174,0,1,0.000392,0.0685
18,Kid Cudi - Pursuit of Happiness.mp3,Jamie xx - SeeSaw (Club Version).mp3,0.015053553853170396,0.08444876254586778,0,1,9.29e-05,0.0414,9,0,0.934,0.0438
19,Caribou - Can't Do Without You (Tale Of Us Remix).mp3,Kid Cudi - Pursuit of Happiness.mp3,0.015167372479944137,0.12077186949695093,9,0,0.82,0.0368,0,1,9.29e-05,0.0414
20,Hannah Wants  - Rhymes.mp3,Disclosure - Holding On.mp3,0.015283224474281069,0.016007548143608268,5,1,0.00315,0.0766,5,1,0.000246,0.333
21,Tchami - Missing You.mp3,What So Not - Goh (AC Slater Remix).mp3,0.015496886580792487,0.01734872594412424,8,1,0.00899,0.0564,6,1,0.92,0.062
22,Kanye West - Flashing Lights.mp3,Backstreet Boys - I Want It That Way.mp3,0.01600905925808457,0.09448288057293154,6,0,0.0,0.0399,6,0,0.0,0.0261
23,Tchami - Missing You.mp3,Disclosure - When A Fire Starts To Burn.mp3,0.01617227910787855,0.024590957498305872,8,1,0.00899,0.0564,7,1,0.00134,0.231
24,Justice - D.A.N.C.E.mp3,Wild Cherry - Play That Funky Music (Gordo Edit).mp3,0.016598870512096516,0.08876587178693092,6,0,0.0,0.278,9,1,0.0,0.0619
25,Travis Scott - goosebumps.m4a,Dog Blood - TURN OFF THE LIGHTS.mp3,0.016738570780808402,0.015793543549407478,7,1,0.0,0.0484,11,0,0.7170000000000001,0.0594
26,Disclosure - When A Fire Starts To Burn.mp3,Dog Blood - TURN OFF THE LIGHTS.mp3,0.016872966566107424,0.03290896182270002,7,1,0.00134,0.231,11,0,0.7170000000000001,0.0594
27,Cardi B - I Like It (Dillon Francis Remix).mp3,Beyoncé - Drunk in Love.mp3,0.01694984531962272,0.07236306505748755,5,0,1.49e-05,0.149,5,0,0.00104,0.0468
28,Bell Biv DeVoe - Poison (RIFFA Bootleg).wav,What So Not - Goh (AC Slater Remix).mp3,0.017426708962211657,0.0500000004063493,6,0,0.00417,0.21,6,1,0.92,0.062
29,Drake - 0 To 100.mp3,Meek Mill - Going Bad.mp3,0.017463689336156066,0.02681301815052977,11,0,0.0,0.39,4,0,0.0,0.0905
30,Zhu - My Life (Kyle Watson Remix).mp3,Drake - Get It Together.mp3,0.01750539098546285,5.6905479997533384e-05,5,0,0.789,0.0985,5,0,0.391,0.0514
31,Bicep - Just.mp3,ODESZA - Memories That You Call (ODESZA & Golden Features VIP Remix).mp3,0.017526458444182644,5.0001666722225956e-05,7,1,0.669,0.0599,10,1,0.861,0.0315
32,Kanye West - Fade.mp3,Beyoncé - Crazy In Love.mp3,0.0176186414848665,0.06890535975394528,9,0,0.0,0.0908,2,0,0.0,0.226
33,Beyoncé - Single Ladies (Put a Ring on It).mp3,J Balvin - Mi Gente.mp3,0.01763269412191917,0.0852008664319649,1,1,0.0,0.29600000000000004,11,0,1.17e-05,0.0584
34,Disclosure - Latch.mp3,James Blake  - Limit To Your Love (Club remix).mp3,0.018012394069129606,0.008696694702670763,1,1,0.000193,0.0919,10,0,0.242,0.096
35,Justin Martin - Don't Go (Dusky Remix).mp3,Rufus Du Sol - Underwater (Adam Port Remix).mp3,0.018176693226169518,0.04284164859002167,9,0,0.92,0.0595,11,1,0.785,0.0525
36,ODESZA - Memories That You Call (ODESZA & Golden Features VIP Remix).mp3,Four Tet - Planet.mp3,0.018180645622272045,0.05822694089802976,10,1,0.861,0.0315,0,1,0.862,0.0747
37,M83 - Midnight City (Eric Prydz Remix).mp3,Porter Robinson - Easy.m4a,0.018665331992024418,0.0077319181770939905,7,1,0.0672,0.141,2,1,0.0,0.0426
38,Backstreet Boys - Everybody (Backstreet's Back).mp3,Kanye West - On Sight.mp3,0.01885068064114544,0.0535756086142323,10,0,3.27e-06,0.0402,9,0,0.0,0.325
39,Justice - D.A.N.C.E.mp3,Chris Lake - I Want You.mp3,0.01888594429415532,0.10611865681546692,6,0,0.0,0.278,11,0,0.35100000000000003,0.0712
40,Linkin Park - In The End.mp3,Dr Dre - The Next Episode.mp3,0.019339793032530736,0.10334225300383006,3,0,0.0,0.0584,10,0,0.0,0.27
41,ODESZA - Memories That You Call (ODESZA & Golden Features VIP Remix).mp3,Four Tet - Baby.mp3,0.019353239430983032,0.05891863062102064,10,1,0.861,0.0315,0,1,0.00325,0.248
42,Tchami - Prophecy.mp3,Justice - D.A.N.C.E.mp3,0.01935598670048953,0.10611865681546692,11,1,0.772,0.0487,6,0,0.0,0.278
43,Childish Gambino - This Is America (remix).mp3,Dillon Francis - EDM O'CLOCK.mp3,0.01943806927662541,0.007835428571428651,10,0,0.174,0.0559,1,1,0.124,0.109
44,Justice - Genesis.mp3,ODESZA - Memories That You Call (ODESZA & Golden Features VIP Remix).mp3,0.019771215295151214,0.025124941266925827,9,1,0.366,0.384,10,1,0.861,0.0315
45,Daft Punk - Aerodynamic.mp3,Kanye West - Father Stretch My Hands Pt. 1.mp3,0.019888337469270875,0.08678197509903797,7,1,0.861,0.0524,7,1,0.0,0.0549
46,James Blake  - Limit To Your Love (Club remix).mp3,Bonobo - Bambro Koyo Ganda.mp3,0.019997729697246117,0.06517490780657573,10,0,0.242,0.096,1,1,0.334,0.0572
47,George Fitzgerald - Burns.mp3,M83 - Midnight City (Eric Prydz Remix).mp3,0.02011282879396338,0.02429975885735489,2,1,0.932,0.036000000000000004,7,1,0.0672,0.141
48,Flume - You & Me.mp3,Flume - The Difference.mp3,0.020191910990896792,0.06547658695796985,10,0,0.000114,0.0257,1,1,0.000153,0.0909
49,Justice - Genesis.mp3,Kanye West - Fade.mp3,0.02035596199127428,0.10431328892997996,9,1,0.366,0.384,9,0,0.0,0.0908
50,FISHER - You Little Beauty.mp3,Tchami - Missing You.mp3,0.020378753585396914,0.024268673328655423,6,0,0.452,0.0924,8,1,0.00899,0.0564
51,"Daft Punk - Harder, Better, Faster, Stronger.mp3",Tchami - Prophecy.mp3,0.02044622068014373,0.012415468718364051,6,0,0.00263,0.14400000000000002,11,1,0.772,0.0487
52,Chris Lake - I Want You.mp3,RL Grime - Pressure (Valentino Khan Remix).mp3,0.020477442182032558,0.008031485984897006,11,0,0.35100000000000003,0.0712,2,1,0.284,0.174
53,Travis Scott - goosebumps.m4a,RL Grime - Pressure (Valentino Khan Remix).mp3,0.0205257517937775,0.032036631431927164,7,1,0.0,0.0484,2,1,0.284,0.174
54,RL Grime - Pressure (Valentino Khan Remix).mp3,Disclosure - When A Fire Starts To Burn.mp3,0.020572533463357398,0.01665214444767166,2,1,0.284,0.174,7,1,0.00134,0.231
55,Four Tet - Baby.mp3,Justice - Genesis.mp3,0.0205866550381832,0.0855238990218273,0,1,0.00325,0.248,9,1,0.366,0.384
56,Dog Blood - BREAK LAW.mp3,Dillon Francis - Get Low.mp3,0.020667994325007457,0.06889828075975189,2,1,0.00205,0.0373,11,0,0.71,0.0859
57,Bonobo - Bambro Koyo Ganda.mp3,Claptone - Cream.mp3,0.02074431734516845,0.038859744801676095,1,1,0.334,0.0572,1,1,0.911,0.0586
58,RL Grime - Pressure (Valentino Khan Remix).mp3,Daft Punk - One More Time (Capital People Remix).mp3,0.020779346344233226,0.024097523809523808,2,1,0.284,0.174,2,1,0.0,0.133
59,Zhu - My Life (Kyle Watson Remix).mp3,Skrillex - Midnight Hour.mp3,0.020785393802003192,0.02406151945243792,5,0,0.789,0.0985,0,1,0.000392,0.0685
60,ODESZA - Bloom (Lane 8 Remix).mp3,ODESZA - Say My Name (feat. Zyra).mp3,0.020793449023658084,0.08646825672762692,2,1,0.904,0.0437,6,0,0.395,0.0479
61,Skrillex - Midnight Hour.mp3,Wild Cherry - Play That Funky Music (Gordo Edit).mp3,0.02095219132165513,0.023821206349206304,0,1,0.000392,0.0685,9,1,0.0,0.0619
62,Disclosure - Holding On.mp3,Childish Gambino - This Is America (remix).mp3,0.020997866798407167,5.6449791942350356e-05,5,1,0.000246,0.333,10,0,0.174,0.0559
63,Kanye West - Father Stretch My Hands Pt. 1.mp3,Travis Scott - goosebumps.m4a,0.021127183898366524,0.14998054612337308,7,1,0.0,0.0549,7,1,0.0,0.0484
64,Dillon Francis - Need You.mp3,Schoolboy Q - 5200.mp3,0.02122850216070379,0.14316592384848292,4,0,0.0545,0.196,4,1,0.0,0.413
65,Rufus Du Sol - Underwater (Adam Port Remix).mp3,Daft Punk - Aerodynamic.mp3,0.021343315823794087,0.041401165943600826,11,1,0.785,0.0525,7,1,0.861,0.0524
66,Dillon Francis - Get Low.mp3,ODESZA - Say My Name (feat. Zyra).mp3,0.02144419756550413,0.13871705284412025,11,0,0.71,0.0859,6,0,0.395,0.0479
67,Beyonce - Formation.mp3,Childish Gambino - This Is America (remix).mp3,0.021456709626688667,0.01676696784349738,5,0,0.0,0.237,10,0,0.174,0.0559
68,FISHER - You Little Beauty.mp3,A$AP Ferg - Work (DJZA Tech House Remix).wav,0.021536233956953955,0.007640380952381025,6,0,0.452,0.0924,1,1,0.0,0.142
69,Dillon Francis - Need You.mp3,"Daft Punk - Harder, Better, Faster, Stronger.mp3",0.021559799985390003,0.10283938157036822,4,0,0.0545,0.196,6,0,0.00263,0.14400000000000002
70,Bicep - Just.mp3,Four Tet - Baby.mp3,0.021615912318620204,0.05886568557190708,7,1,0.669,0.0599,0,1,0.00325,0.248
71,Beyonce - Formation.mp3,Jack U - Mind (Malaa remix).mp3,0.021637381480799068,0.00886210091336923,5,0,0.0,0.237,6,1,0.0197,0.0538
72,Hannah Wants  - Rhymes.mp3,Skrillex - Midnight Hour.mp3,0.02226887748677121,8.731683309780819e-05,5,1,0.00315,0.0766,0,1,0.000392,0.0685
73,Justice - D.A.N.C.E.mp3,ODESZA - Bloom (Lane 8 Remix).mp3,0.022603313076421848,0.10601247621997087,6,0,0.0,0.278,2,1,0.904,0.0437
74,Disclosure - Latch.mp3,Beyoncé - Drunk in Love.mp3,0.02287094090246778,0.147918613611398,1,1,0.000193,0.0919,5,0,0.00104,0.0468
75,What So Not - Goh (AC Slater Remix).mp3,Dog Blood - TURN OFF THE LIGHTS.mp3,0.023054227559604748,0.009156028025338372,6,1,0.92,0.062,11,0,0.7170000000000001,0.0594
76,J Balvin - Mi Gente.mp3,Justice - D.A.N.C.E.mp3,0.02310832797143956,0.07675378004744708,11,0,1.17e-05,0.0584,6,0,0.0,0.278
77,Beyoncé - Drunk in Love.mp3,Flume - You & Me.mp3,0.023169632327998808,0.07212740127115612,5,0,0.00104,0.0468,10,0,0.000114,0.0257
78,Travis Scott - goosebumps.m4a,Hot Since 82 - Veins.mp3,0.0232167298112346,0.04879071605416182,7,1,0.0,0.0484,9,0,0.726,0.0547
79,Ekali - Unfaith.mp3,Travis Scott - goosebumps.m4a,0.023294358176615924,0.015386508162308087,4,0,0.231,0.101,7,1,0.0,0.0484
80,ODESZA - Say My Name (feat. Zyra).mp3,The xx - Tides (Dixon Remix).mp3,0.0233446172440165,0.060409568180237835,6,0,0.395,0.0479,4,0,0.8170000000000001,0.0513
81,Justice - Genesis.mp3,Bicep - Just.mp3,0.02342369816993557,0.02517619922258769,9,1,0.366,0.384,7,1,0.669,0.0599
82,Dillon Francis - Need You.mp3,Justice - D.A.N.C.E.mp3,0.02344312587555795,0.009413992372343959,4,0,0.0545,0.196,6,0,0.0,0.278
83,What So Not - Goh (AC Slater Remix).mp3,A$AP Ferg - Work (DJZA Tech House Remix).wav,0.0234593919177321,0.0500000004063493,6,1,0.92,0.062,1,1,0.0,0.142
84,Disclosure - When A Fire Starts To Burn.mp3,A$AP Ferg - Work (DJZA Tech House Remix).wav,0.023463332760702442,0.007323428571428517,7,1,0.00134,0.231,1,1,0.0,0.142
85,FISHER - You Little Beauty.mp3,Four Tet - Only Human.mp3,0.02370177465565064,0.024292869413728747,6,0,0.452,0.0924,10,0,0.138,0.0691
86,Justin Martin - Don't Go (Dusky Remix).mp3,Kanye West - Father Stretch My Hands Pt. 1.mp3,0.02370351283580485,0.08828522920203744,9,0,0.92,0.0595,7,1,0.0,0.0549
87,Linkin Park - In The End.mp3,Bonobo - Bambro Koyo Ganda.mp3,0.023738388801866333,0.09867513766964993,3,0,0.0,0.0584,1,1,0.334,0.0572
88,Kanye West - Fade.mp3,Bicep - Just.mp3,0.023759454115498013,0.1321157002962322,9,0,0.0,0.0908,7,1,0.669,0.0599
89,Wild Cherry - Play That Funky Music (Gordo Edit).mp3,Dillon Francis - Need You.mp3,0.02378063985187489,0.09901550539920152,9,1,0.0,0.0619,4,0,0.0545,0.196
90,Disclosure - When A Fire Starts To Burn.mp3,Four Tet - Baby.mp3,0.024021355785409197,0.025155710459224916,7,1,0.00134,0.231,0,1,0.00325,0.248
91,Dog Blood - TURN OFF THE LIGHTS.mp3,RL Grime - Pressure (Valentino Khan Remix).mp3,0.02402156393670844,0.015990540583436616,11,0,0.7170000000000001,0.0594,2,1,0.284,0.174
92,Dog Blood - BREAK LAW.mp3,Disclosure - When A Fire Starts To Burn.mp3,0.024085096493015355,0.14773042946830373,2,1,0.00205,0.0373,7,1,0.00134,0.231
93,T-Pain - I'm Sprung.mp3,Marvin Gaye - Sexual Healing (Kygo Remix).mp3,0.024087447342848813,0.009960896480683356,0,0,0.0,0.108,0,0,0.0211,0.0427
94,Travis Scott - goosebumps.m4a,Daft Punk - One More Time (Capital People Remix).mp3,0.02412536306379397,0.056906158730158786,7,1,0.0,0.0484,2,1,0.0,0.133
95,Love Regenerator - CP-1.mp3,A$AP Ferg - Work (DJZA Tech House Remix).wav,0.024148689299747988,0.04021333333333337,10,0,0.147,0.0553,1,1,0.0,0.142
96,Dillon Francis - Get Low.mp3,Polo & Pan - Zoom Zoom.mp3,0.02418472099488872,0.07478484729210773,11,0,0.71,0.0859,7,1,0.613,0.0367
97,Jack U - Mind (Malaa remix).mp3,FISHER - You Little Beauty.mp3,0.024246275497881647,0.007640380952381025,6,1,0.0197,0.0538,6,0,0.452,0.0924
98,Travis Scott - goosebumps.m4a,Kid Cudi - Pursuit of Happiness.mp3,0.024478243482026943,0.12814351518516273,7,1,0.0,0.0484,0,1,9.29e-05,0.0414
99,Love Regenerator - CP-1.mp3,FISHER - You Little Beauty.mp3,0.024496892408281668,0.03232596965810928,10,0,0.147,0.0553,6,0,0.452,0.0924
100,Hannah Wants  - Rhymes.mp3,Justice - Genesis.mp3,0.02452464712861521,0.07632309598052182,5,1,0.00315,0.0766,9,1,0.366,0.384
101,Tchami - Missing You.mp3,Four Tet - Baby.mp3,0.0245482281367958,0.0005511984629436611,8,1,0.00899,0.0564,0,1,0.00325,0.248
102,Chrome Sparks - Wake.mp3,Daft Punk - Aerodynamic.mp3,0.02463347972114964,0.024208938556797142,6,0,0.48,0.0409,7,1,0.861,0.0524
103,Ginuwine - Pony.mp3,Zhu - Exhale.mp3,0.024714179021082867,0.014565846340679266,8,0,0.0381,0.086,8,0,0.0807,0.124
104,Flume - Never Be Like You (Disclosure Remix).mp3,Dog Blood - BREAK LAW.mp3,0.02477453444870873,0.1110246865566605,2,1,0.000925,0.23,2,1,0.00205,0.0373
105,Rufus Du Sol - Underwater (Adam Port Remix).mp3,ODESZA - Bloom (Lane 8 Remix).mp3,0.02479258441225727,0.0591445227765727,11,1,0.785,0.0525,2,1,0.904,0.0437
106,Justice - D.A.N.C.E.mp3,Rufus Du Sol - Underwater (Adam Port Remix).mp3,0.024877312963947996,0.04425076317303017,6,0,0.0,0.278,11,1,0.785,0.0525
107,RL Grime - Pressure (Valentino Khan Remix).mp3,Kid Cudi - Pursuit of Happiness.mp3,0.024926386323979404,0.09312351986953164,2,1,0.284,0.174,0,1,9.29e-05,0.0414
108,"Daft Punk - Harder, Better, Faster, Stronger.mp3",ODESZA - Loyal.mp3,0.02495127738925244,0.13351690625632734,6,0,0.00263,0.14400000000000002,2,1,0.7809999999999999,0.0745
109,Justin Martin - Don't Go (Dusky Remix).mp3,Daft Punk - Aerodynamic.mp3,0.0249955550440522,0.0013832158955916234,9,0,0.92,0.0595,7,1,0.861,0.0524
110,Hot Since 82 - Veins.mp3,Kid Cudi - Pursuit of Happiness.mp3,0.02506114545137756,0.07566123337699622,9,0,0.726,0.0547,0,1,9.29e-05,0.0414
111,Bell Biv DeVoe - Poison (RIFFA Bootleg).wav,Galantis - Runaway (U&I).mp3,0.02507957219929873,0.02406501587301584,6,0,0.00417,0.21,1,1,0.00193,0.0469
112,Jack U - Mind (Malaa remix).mp3,Backstreet Boys - Everybody (Backstreet's Back).mp3,0.02522406294930741,0.13910142472297052,6,1,0.0197,0.0538,10,0,3.27e-06,0.0402
113,Tchami - Missing You.mp3,RL Grime - Pressure (Valentino Khan Remix).mp3,0.025250904125392853,0.007808780116179481,8,1,0.00899,0.0564,2,1,0.284,0.174
114,Four Tet - Baby.mp3,Hannah Wants  - Rhymes.mp3,0.025297169337235158,0.008548365333481594,0,1,0.00325,0.248,5,1,0.00315,0.0766
115,Zhu - My Life (Kyle Watson Remix).mp3,Disclosure - When A Fire Starts To Burn.mp3,0.025475845726066808,0.007559869287421409,5,0,0.789,0.0985,7,1,0.00134,0.231
116,A$AP Ferg - Work (DJZA Tech House Remix).wav,Dog Blood - TURN OFF THE LIGHTS.mp3,0.02548878851775991,0.04047339682539695,1,1,0.0,0.142,11,0,0.7170000000000001,0.0594
117,A$AP Ferg - Work (DJZA Tech House Remix).wav,Tchami - Missing You.mp3,0.025517467527457826,0.032094476190476263,1,1,0.0,0.142,8,1,0.00899,0.0564
118,Denzel Curry - SPEEDBOAT.mp3,Jack U - Mind (Malaa remix).mp3,0.025568268412252636,0.025211213037718398,6,1,0.0,0.131,6,1,0.0197,0.0538
119,Justice - Genesis.mp3,Malaa - Notorious.mp3,0.025624626296612232,0.05102729486138981,9,1,0.366,0.384,2,1,0.0016,0.0468
120,Polo & Pan - Zoom Zoom.mp3,Dog Blood - BREAK LAW.mp3,0.02572646668171149,0.14883567545716644,7,1,0.613,0.0367,2,1,0.00205,0.0373
121,Justin Martin - Don't Go (Dusky Remix).mp3,Justice - Genesis.mp3,0.025799012725077463,0.051403186536243616,9,0,0.92,0.0595,9,1,0.366,0.384
122,Kaskade - Tight.mp3,Dog Blood - TURN OFF THE LIGHTS.mp3,0.0259963549787092,0.032350925291295525,1,0,0.015,0.126,11,0,0.7170000000000001,0.0594
123,Hot Since 82 - Veins.mp3,Dog Blood - TURN OFF THE LIGHTS.mp3,0.026147157147844442,0.0324841329365561,9,0,0.726,0.0547,11,0,0.7170000000000001,0.0594
124,Wild Cherry - Play That Funky Music (Gordo Edit).mp3,Schoolboy Q - 5200.mp3,0.026187291168715703,0.04017269841269837,9,1,0.0,0.0619,4,1,0.0,0.413
125,Skrillex - Face My Fears.m4a,Kodak Black - Patty Cake.mp3,0.02619667501475566,0.05175089089641938,1,0,0.0,0.0991,1,0,0.0,0.19
126,Drake - Get It Together.mp3,Disclosure - Latch.mp3,0.026235921258863624,0.008402603577459755,5,0,0.391,0.0514,1,1,0.000193,0.0919
127,A$AP Ferg - Work (DJZA Tech House Remix).wav,James Blake  - Limit To Your Love (Club remix).mp3,0.026244621952163438,0.0,1,1,0.0,0.142,10,0,0.242,0.096
128,Galantis - Runaway (U&I).mp3,James Blake  - Limit To Your Love (Club remix).mp3,0.026391758327636825,0.02406501587301584,1,1,0.00193,0.0469,10,0,0.242,0.096
129,Hot Since 82 - Veins.mp3,Hugo Massien - No Return.mp3,0.02641409546406808,0.007737904761904724,9,0,0.726,0.0547,4,1,0.8,0.12
130,Disclosure - Latch.mp3,Seven Lions - Strangers.mp3,0.026504227651608304,0.06542554063581074,1,1,0.000193,0.0919,0,0,1.6e-06,0.0394
131,Chrome Sparks - Wake.mp3,Justice - D.A.N.C.E.mp3,0.026511638751274574,0.061779409812856824,6,0,0.48,0.0409,6,0,0.0,0.278
132,Drake - Nice For What.mp3,Dr Dre - The Next Episode.mp3,0.026536633267008787,0.020354626635544156,8,1,0.000109,0.0705,10,0,0.0,0.27
133,Beyoncé - Single Ladies (Put a Ring on It).mp3,Backstreet Boys - I Want It That Way.mp3,0.02660558563320883,0.023909593304279945,1,1,0.0,0.29600000000000004,6,0,0.0,0.0261
134,Drake - Nice For What.mp3,Flume - Holdin' On.mp3,0.026643949594038516,0.03710037422406799,8,1,0.000109,0.0705,8,1,0.0,0.119
135,Tchami - Missing You.mp3,Flume - Never Be Like You (Disclosure Remix).mp3,0.02668963997003176,0.058441125483397915,8,1,0.00899,0.0564,2,1,0.000925,0.23
136,Kaskade - Tight.mp3,ALICE DEEJAY - Better Off Alone.mp3,0.026799873731131255,0.10433415312663796,1,0,0.015,0.126,8,0,0.769,0.0565
137,Justice - Genesis.mp3,Tchami - Missing You.mp3,0.026858763979374832,0.08492588953910557,9,1,0.366,0.384,8,1,0.00899,0.0564
138,RL Grime - Pressure (Valentino Khan Remix).mp3,What So Not - Goh (AC Slater Remix).mp3,0.02693425660510156,0.025292978446497246,2,1,0.284,0.174,6,1,0.92,0.062
139,Dog Blood - BREAK LAW.mp3,A$AP Ferg - Work (DJZA Tech House Remix).wav,0.026976176941406325,0.13938621590088338,2,1,0.00205,0.0373,1,1,0.0,0.142
140,Beyoncé - Drunk in Love.mp3,Zhu - My Life (Kyle Watson Remix).mp3,0.02699928138298036,0.13828870571786256,5,0,0.00104,0.0468,5,0,0.789,0.0985
141,Justin Martin - Don't Go (Dusky Remix).mp3,Four Tet - Baby.mp3,0.027007468168602496,0.03245254810192407,9,0,0.92,0.0595,0,1,0.00325,0.248
142,Disclosure - Omen (Jonas Rathsman Remix).mp3,Bonobo - Bambro Koyo Ganda.mp3,0.027106571502592363,0.07346906975536288,5,0,0.8540000000000001,0.0336,1,1,0.334,0.0572
143,Tchami - Missing You.mp3,Skrillex - Midnight Hour.mp3,0.027160487987090632,0.008080776008509542,8,1,0.00899,0.0564,0,1,0.000392,0.0685
144,Bicep - Just.mp3,Tchami - Missing You.mp3,0.027195815663044375,0.05828236196063397,7,1,0.669,0.0599,8,1,0.00899,0.0564
145,Disclosure - When A Fire Starts To Burn.mp3,Justin Martin - Don't Go (Dusky Remix).mp3,0.02725783689471165,0.00711778471138838,7,1,0.00134,0.231,9,0,0.92,0.0595
146,Chris Lake - I Want You.mp3,Ginuwine - Pony.mp3,0.027301620650984255,0.13611928836554466,11,0,0.35100000000000003,0.0712,8,0,0.0381,0.086
147,Bicep - Just.mp3,Flume - Never Be Like You (Disclosure Remix).mp3,0.027413837364198303,0.0001500200026671464,7,1,0.669,0.0599,2,1,0.000925,0.23
148,Disclosure - When A Fire Starts To Burn.mp3,Skrillex - Midnight Hour.mp3,0.02746311093639927,0.016377835866653766,7,1,0.00134,0.231,0,1,0.000392,0.0685
149,Zhu - My Life (Kyle Watson Remix).mp3,A$AP Ferg - Work (DJZA Tech House Remix).wav,0.027665743024281403,0.0002347217480369826,5,0,0.789,0.0985,1,1,0.0,0.142
150,Dog Blood - BREAK LAW.mp3,Bicep - Just.mp3,0.02769880903051741,0.111191362483101,2,1,0.00205,0.0373,7,1,0.669,0.0599
151,Disclosure - Holding On.mp3,Beyonce - Formation.mp3,0.027823884568771436,0.016709574799534152,5,1,0.000246,0.333,5,0,0.0,0.237
152,Tchami - Prophecy.mp3,Yaeji - raingurl.mp3,0.02786499144753825,0.02404646102649442,11,1,0.772,0.0487,6,0,0.00353,0.0506
153,Jack U - Mind (Malaa remix).mp3,Disclosure - Holding On.mp3,0.027865024532392108,0.0077785396825396065,6,1,0.0197,0.0538,5,1,0.000246,0.333
154,Dog Blood - BREAK LAW.mp3,ODESZA - Say My Name (feat. Zyra).mp3,0.027873380747086986,0.06531844361723788,2,1,0.00205,0.0373,6,0,0.395,0.0479
155,Justin Martin - Don't Go (Dusky Remix).mp3,Four Tet - Planet.mp3,0.027889611151578262,0.03177814612584493,9,0,0.92,0.0595,0,1,0.862,0.0747
156,Disclosure - When A Fire Starts To Burn.mp3,Travis Scott - goosebumps.m4a,0.027957074797603582,0.049222254493820096,7,1,0.00134,0.231,7,1,0.0,0.0484
157,Dog Blood - TURN OFF THE LIGHTS.mp3,Kanye West - Father Stretch My Hands Pt. 1.mp3,0.02809162082955973,0.13210066496887402,11,0,0.7170000000000001,0.0594,7,1,0.0,0.0549
158,Skrillex - Midnight Hour.mp3,Caribou - Can't Do Without You (Tale Of Us Remix).mp3,0.02817188878115715,0.02556969312102127,0,1,0.000392,0.0685,9,0,0.82,0.0368
159,Tchami - Missing You.mp3,Dog Blood - TURN OFF THE LIGHTS.mp3,0.028192152780231305,0.00811836593278533,8,1,0.00899,0.0564,11,0,0.7170000000000001,0.0594
160,Getter - Something New.mp3,Kanye West - Flashing Lights.mp3,0.028249609391278088,0.005165690925047529,6,0,0.103,0.0941,6,0,0.0,0.0399
161,Chris Lake - I Want You.mp3,Tchami - Prophecy.mp3,0.02832553652465643,0.0,11,0,0.35100000000000003,0.0712,11,1,0.772,0.0487
162,Dog Blood - BREAK LAW.mp3,Rufus Du Sol - Underwater (Adam Port Remix).mp3,0.02858923355971144,0.09280145193251482,2,1,0.00205,0.0373,11,1,0.785,0.0525
163,Rufus Du Sol - Brighter.mp3,Zhu - My Life (Kyle Watson Remix).mp3,0.028869545105638137,0.04310885749656578,5,0,4.72e-05,0.0475,5,0,0.789,0.0985
164,Beyoncé - Drunk in Love.mp3,Flume - The Difference.mp3,0.028892937500541317,0.14232664429050926,5,0,0.00104,0.0468,1,1,0.000153,0.0909
165,Porter Robinson - Easy.m4a,Daft Punk - Aerodynamic.mp3,0.028917082335850837,0.04138256497046426,2,1,0.0,0.0426,7,1,0.861,0.0524
166,Disclosure - Latch.mp3,Zhu - My Life (Kyle Watson Remix).mp3,0.029057808051065982,0.008459987211647094,1,1,0.000193,0.0919,5,0,0.789,0.0985
167,Rufus Du Sol - Underwater (Adam Port Remix).mp3,Justice - Genesis.mp3,0.029213157054896462,0.008209815898509235,11,1,0.785,0.0525,9,1,0.366,0.384
168,Denzel Curry - SPEEDBOAT.mp3,Linkin Park - In The End.mp3,0.029216807976016168,0.14150252513243886,6,1,0.0,0.131,3,0,0.0,0.0584
169,Chrome Sparks - Wake.mp3,"Daft Punk - Harder, Better, Faster, Stronger.mp3",0.02925276913094422,0.02898405793478153,6,0,0.48,0.0409,6,0,0.00263,0.14400000000000002
170,Tchami - Missing You.mp3,Dillon Francis - Masta Blasta (THE REBIRTH).mp3,0.029375521030444125,0.14169737629531642,8,1,0.00899,0.0564,7,1,0.119,0.414
171,FISHER - Losing It.mp3,Shiba San - Show Me Show Me.mp3,0.0294270076081813,0.01630147566974264,2,1,0.7,0.0576,11,0,0.918,0.0586
172,ODESZA - Loyal.mp3,AC Slater - Fly Kicks (Wax Motif Remix).mp3,0.0294758276296682,0.11947306117225502,2,1,0.7809999999999999,0.0745,11,0,0.728,0.0492
173,Bell Biv DeVoe - Poison (RIFFA Bootleg).wav,Tchami - Prophecy.mp3,0.02950418241625748,0.01593803174603171,6,0,0.00417,0.21,11,1,0.772,0.0487
174,Dillon Francis - Need You.mp3,Yaeji - raingurl.mp3,0.02959488081411905,0.1433802842061076,4,0,0.0545,0.196,6,0,0.00353,0.0506
175,Hannah Wants  - Rhymes.mp3,Childish Gambino - This Is America (remix).mp3,0.02968385387681194,0.015950197966309282,5,1,0.00315,0.0766,10,0,0.174,0.0559
176,Chrome Sparks - Wake.mp3,Rufus Du Sol - Underwater (Adam Port Remix).mp3,0.029730728026722126,0.01678585954446862,6,0,0.48,0.0409,11,1,0.785,0.0525
177,Schoolboy Q - 5200.mp3,Hot Since 82 - Veins.mp3,0.029915476449195236,0.03218574343341478,4,1,0.0,0.413,9,0,0.726,0.0547
178,Kanye West - Father Stretch My Hands Pt. 1.mp3,Disclosure - When A Fire Starts To Burn.mp3,0.0299659359159419,0.09603140916808148,7,1,0.0,0.0549,7,1,0.00134,0.231
179,ODESZA - Say My Name (feat. Zyra).mp3,Travis Scott - goosebumps.m4a,0.0300512734519546,0.1303890550031293,6,0,0.395,0.0479,7,1,0.0,0.0484
180,Justin Timberlake - Cry Me a River.mp3,Zhu - Exhale.mp3,0.030226010979234406,0.05559881415865976,8,0,0.0,0.17600000000000002,8,0,0.0807,0.124
181,Backstreet Boys - Everybody (Backstreet's Back).mp3,Denzel Curry - SPEEDBOAT.mp3,0.030273257386096156,0.11108951037298304,10,0,3.27e-06,0.0402,6,1,0.0,0.131
182,Four Tet - Baby.mp3,Zhu - My Life (Kyle Watson Remix).mp3,0.030412065100862758,0.03290575362955028,0,1,0.00325,0.248,5,0,0.789,0.0985
183,Kendrick Lamar – HUMBLE (Skrillex Remix).mp3,Beyoncé - Drunk in Love.mp3,0.030479235379916314,0.07140612725844457,11,1,8.23e-05,0.272,5,0,0.00104,0.0468
184,Ginuwine - Pony.mp3,Tchami - Prophecy.mp3,0.03054593149552151,0.13611928836554466,8,0,0.0381,0.086,11,1,0.772,0.0487
185,Bell Biv DeVoe - Poison (RIFFA Bootleg).wav,Snoop Dogg - Drop It LIke It's Hot (DEL30 remix).wav,0.03058423824663507,0.0,6,0,0.00417,0.21,1,1,0.0,0.219
186,RL Grime - Pressure (Valentino Khan Remix).mp3,Four Tet - Baby.mp3,0.03064532125238115,0.008364282766720646,2,1,0.284,0.174,0,1,0.00325,0.248
187,Disclosure - Latch.mp3,Against All Logic - You Are Going to Love Me and Scream.mp3,0.030652212524026744,0.024527404784155483,1,1,0.000193,0.0919,8,0,0.772,0.0749
188,Rufus Du Sol - Underwater (Adam Port Remix).mp3,ODESZA - Say My Name (feat. Zyra).mp3,0.03069501021404081,0.025797927821431213,11,1,0.785,0.0525,6,0,0.395,0.0479
189,Dog Blood - TURN OFF THE LIGHTS.mp3,Wild Cherry - Play That Funky Music (Gordo Edit).mp3,0.03069937349918817,0.04047339682539695,11,0,0.7170000000000001,0.0594,9,1,0.0,0.0619
190,Zhu - My Life (Kyle Watson Remix).mp3,What So Not - Goh (AC Slater Remix).mp3,0.030728587936393343,0.050246458241883514,5,0,0.789,0.0985,6,1,0.92,0.062
191,Chris Lake - I Want You.mp3,Bell Biv DeVoe - Poison (RIFFA Bootleg).wav,0.030797513205843736,0.01593803174603171,11,0,0.35100000000000003,0.0712,6,0,0.00417,0.21
192,Flume - You & Me.mp3,Cardi B - I Like It (Dillon Francis Remix).mp3,0.030823826863047837,0.00021980949843460358,10,0,0.000114,0.0257,5,0,1.49e-05,0.149
193,Chrome Sparks - Wake.mp3,Dillon Francis - Need You.mp3,0.03086645394747295,0.07177499307794692,6,0,0.48,0.0409,4,0,0.0545,0.196
194,Four Tet - Only Human.mp3,Jack U - Mind (Malaa remix).mp3,0.030906811100375086,0.0321188571428571,10,0,0.138,0.0691,6,1,0.0197,0.0538
195,Justin Timberlake - Cry Me a River.mp3,Ginuwine - Pony.mp3,0.03093345364691228,0.04044386864191967,8,0,0.0,0.17600000000000002,8,0,0.0381,0.086
196,Kanye West - Fade.mp3,Flume - Never Be Like You (Disclosure Remix).mp3,0.031115722504005832,0.1319458857714297,9,0,0.0,0.0908,2,1,0.000925,0.23
197,Bell Biv DeVoe - Poison (RIFFA Bootleg).wav,Four Tet - Only Human.mp3,0.031136293455644164,0.0321188571428571,6,0,0.00417,0.21,10,0,0.138,0.0691
198,Disclosure - When A Fire Starts To Burn.mp3,Rufus Du Sol - Underwater (Adam Port Remix).mp3,0.031204957069753174,0.05026437093275478,7,1,0.00134,0.231,11,1,0.785,0.0525
199,Beyoncé - Single Ladies (Put a Ring on It).mp3,Kanye West - Flashing Lights.mp3,0.031519217742590686,0.06892531111160223,1,1,0.0,0.29600000000000004,6,0,0.0,0.0399
200,Flume - Never Be Like You (Disclosure Remix).mp3,Sacha Robotti - Low Key Goddess.mp3,0.031548197474939345,0.03360448059741308,2,1,0.000925,0.23,7,0,0.871,0.0417
201,Beyoncé - Single Ladies (Put a Ring on It).mp3,Drake - 0 To 100.mp3,0.03155323140428638,0.09522811944422437,1,1,0.0,0.29600000000000004,11,0,0.0,0.39
202,RL Grime - Pressure (Valentino Khan Remix).mp3,Caribou - Can't Do Without You (Tale Of Us Remix).mp3,0.03174402543727792,0.025292978446497246,2,1,0.284,0.174,9,0,0.82,0.0368
203,Backstreet Boys - Everybody (Backstreet's Back).mp3,Dr Dre - The Next Episode.mp3,0.03181416345672836,0.13354320793325986,10,0,3.27e-06,0.0402,10,0,0.0,0.27
204,What So Not - Goh (AC Slater Remix).mp3,Chris Lake - I Want You.mp3,0.031829981073700546,0.033527604633303586,6,1,0.92,0.062,11,0,0.35100000000000003,0.0712
205,Justice - Genesis.mp3,Four Tet - Planet.mp3,0.031885496903422954,0.08481483063517135,9,1,0.366,0.384,0,1,0.862,0.0747
206,RL Grime - Pressure (Valentino Khan Remix).mp3,Hugo Massien - No Return.mp3,0.031937411507602737,0.024097523809523808,2,1,0.284,0.174,4,1,0.8,0.12
207,Sacha Robotti - Low Key Goddess.mp3,Bicep - Just.mp3,0.031955235570055515,0.033449442509291466,7,0,0.871,0.0417,7,1,0.669,0.0599
208,Ginuwine - Pony.mp3,What So Not - Goh (AC Slater Remix).mp3,0.03235809654256201,0.09926361257534158,8,0,0.0381,0.086,6,1,0.92,0.062
209,Disclosure - When A Fire Starts To Burn.mp3,Four Tet - Planet.mp3,0.032544737662180294,0.0244860748055636,7,1,0.00134,0.231,0,1,0.862,0.0747
210,Kendrick Lamar – HUMBLE (Skrillex Remix).mp3,Ginuwine - Pony.mp3,0.032620716807844924,0.056363713175237966,11,1,8.23e-05,0.272,8,0,0.0381,0.086
211,ODESZA - Bloom (Lane 8 Remix).mp3,Chris Lake - I Want You.mp3,0.03266757838929545,9.600307209819708e-05,2,1,0.904,0.0437,11,0,0.35100000000000003,0.0712
212,James Blake  - Limit To Your Love (Club remix).mp3,Backstreet Boys - Everybody (Backstreet's Back).mp3,0.032738592788638415,0.13910142472297052,10,0,0.242,0.096,10,0,3.27e-06,0.0402
213,Disclosure - Omen (Jonas Rathsman Remix).mp3,RL Grime - Tell Me.mp3,0.03281345708188809,0.12939800814483304,5,0,0.8540000000000001,0.0336,5,0,0.489,0.0512
214,RL Grime - Tell Me.mp3,Skrillex - Mumbai Power.mp3,0.032891832161640835,0.0007140256049581531,5,0,0.489,0.0512,8,1,0.284,0.0464
215,Wild Cherry - Play That Funky Music (Gordo Edit).mp3,Hugo Massien - No Return.mp3,0.03297956270442925,0.0,9,1,0.0,0.0619,4,1,0.8,0.12
216,Ginuwine - Pony.mp3,Kodak Black - Patty Cake.mp3,0.032979620045550065,0.0709035092660395,8,0,0.0381,0.086,1,0,0.0,0.19
217,Kanye West - Father Stretch My Hands Pt. 1.mp3,Rufus Du Sol - Underwater (Adam Port Remix).mp3,0.03300862139716105,0.043576683644595465,7,1,0.0,0.0549,11,1,0.785,0.0525
218,Dog Blood - BREAK LAW.mp3,Kanye West - Fade.mp3,0.03302674175217125,0.018830543972527872,2,1,0.00205,0.0373,9,0,0.0,0.0908
219,Beyoncé - Crazy In Love.mp3,Dog Blood - BREAK LAW.mp3,0.03307009079627058,0.08903342913326268,2,0,0.0,0.226,2,1,0.00205,0.0373
220,Bicep - Just.mp3,Shiba San - Okay.mp3,0.033084497108482734,0.025124581256979053,7,1,0.669,0.0599,2,1,0.866,0.0414
221,Wild Cherry - Play That Funky Music (Gordo Edit).mp3,Disclosure - When A Fire Starts To Burn.mp3,0.033090529433542584,0.007323428571428517,9,1,0.0,0.0619,7,1,0.00134,0.231
222,Bad Bunny - Estamos Bien.mp3,Caribou - Can't Do Without You (Tale Of Us Remix).mp3,0.033091958041036006,0.07771092481836471,9,0,4.57e-06,0.173,9,0,0.82,0.0368
223,Bad Bunny - Estamos Bien.mp3,Kid Cudi - Pursuit of Happiness.mp3,0.033099855312609755,0.03995593223279574,9,0,4.57e-06,0.173,0,1,9.29e-05,0.0414
224,Skrillex - Midnight Hour.mp3,Justice - Genesis.mp3,0.03310667587212552,0.07622912306180844,0,1,0.000392,0.0685,9,1,0.366,0.384
225,Disclosure - Stimulation.mp3,Dillon Francis - Masta Blasta (THE REBIRTH).mp3,0.03321291015614285,0.12397866633591235,7,1,0.573,0.158,7,1,0.119,0.414
226,Hannah Wants  - Rhymes.mp3,ODESZA - Memories That You Call (ODESZA & Golden Features VIP Remix).mp3,0.033253932512733106,0.04994333144438132,5,1,0.00315,0.0766,10,1,0.861,0.0315
227,Kid Cudi - Pursuit of Happiness.mp3,Wild Cherry - Play That Funky Music (Gordo Edit).mp3,0.0333719419072425,0.06740178006020281,0,1,9.29e-05,0.0414,9,1,0.0,0.0619
228,Four Tet - Planet.mp3,Skrillex - Midnight Hour.mp3,0.03338524900684428,0.007977583387575572,0,1,0.862,0.0747,0,1,0.000392,0.0685
229,Dillon Francis - Need You.mp3,Daft Punk - One More Time (Capital People Remix).mp3,0.03339847561661688,0.09901550539920152,4,0,0.0545,0.196,2,1,0.0,0.133
230,Shiba San - Okay.mp3,Hannah Wants  - Rhymes.mp3,0.033423805193588244,0.02415926254094946,2,1,0.866,0.0414,5,1,0.00315,0.0766
231,Daft Punk - One More Time (Capital People Remix).mp3,Disclosure - When A Fire Starts To Burn.mp3,0.033427232662841026,0.007323428571428517,2,1,0.0,0.133,7,1,0.00134,0.231
232,Bicep - Just.mp3,Skrillex - Midnight Hour.mp3,0.03344165967452,0.049799170013832966,7,1,0.669,0.0599,0,1,0.000392,0.0685
233,Ekali - Unfaith.mp3,Daft Punk - Aerodynamic.mp3,0.033462368091098205,0.0744332883110121,4,0,0.231,0.101,7,1,0.861,0.0524
234,Daft Punk - Aerodynamic.mp3,M83 - Midnight City (Eric Prydz Remix).mp3,0.033486101399263266,0.03339245903239979,7,1,0.861,0.0524,7,1,0.0672,0.141
235,Drake - Get It Together.mp3,What So Not - Goh (AC Slater Remix).mp3,0.033504529433480895,0.05030622302070547,5,0,0.391,0.0514,6,1,0.92,0.062
236,James Blake  - Limit To Your Love (Club remix).mp3,Drake - Get It Together.mp3,0.033650820330485165,0.00029164058498825393,10,0,0.242,0.096,5,0,0.391,0.0514
237,RL Grime - Pressure (Valentino Khan Remix).mp3,Hot Since 82 - Veins.mp3,0.033690153476293686,0.016234001887112038,2,1,0.284,0.174,9,0,0.726,0.0547
238,ODESZA - Memories That You Call (ODESZA & Golden Features VIP Remix).mp3,Kanye West - Fade.mp3,0.03370586173714465,0.1320590954546314,10,1,0.861,0.0315,9,0,0.0,0.0908
239,A$AP Ferg - Work (DJZA Tech House Remix).wav,Drake - Get It Together.mp3,0.03374580715180818,0.00029164058498825393,1,1,0.0,0.142,5,0,0.391,0.0514
240,Wild Cherry - Play That Funky Music (Gordo Edit).mp3,Travis Scott - goosebumps.m4a,0.033750254240699815,0.056906158730158786,9,1,0.0,0.0619,7,1,0.0,0.0484
241,Rihanna - Kiss It Better (Four Tet Remix).mp3,Against All Logic - You Are Going to Love Me and Scream.mp3,0.03387118497413038,0.04143994000249989,3,0,0.000877,0.0431,8,0,0.772,0.0749
242,Justice - D.A.N.C.E.mp3,RL Grime - Pressure (Valentino Khan Remix).mp3,0.0339093440071421,0.11500243330531346,6,0,0.0,0.278,2,1,0.284,0.174
243,Hugo Massien - No Return.mp3,Kid Cudi - Pursuit of Happiness.mp3,0.034048037040242896,0.06740178006020281,4,1,0.8,0.12,0,1,9.29e-05,0.0414
244,Daft Punk - Aerodynamic.mp3,Justice - D.A.N.C.E.mp3,0.03407229675866568,0.0874839623058886,7,1,0.861,0.0524,6,0,0.0,0.278
245,Shiba San - Okay.mp3,Skrillex - Midnight Hour.mp3,0.03410965325237495,0.02406984400529995,2,1,0.866,0.0414,0,1,0.000392,0.0685
246,Justin Martin - Don't Go (Dusky Remix).mp3,Tchami - Missing You.mp3,0.034266608293929954,0.031883775351014096,9,0,0.92,0.0595,8,1,0.00899,0.0564
247,Bicep - Just.mp3,Disclosure - When A Fire Starts To Burn.mp3,0.034333731109819784,0.03288278528691175,7,1,0.669,0.0599,7,1,0.00134,0.231
248,Bad Bunny - Estamos Bien.mp3,Jamie xx - SeeSaw (Club Version).mp3,0.034399214456205404,0.04278338046261776,9,0,4.57e-06,0.173,9,0,0.934,0.0438
249,Chris Lake - Y.O.D.O.mp3,Justin Bieber - Yummy (Dance remix).wav,0.03461904681705004,0.00793295238095235,9,0,0.8959999999999999,0.0616,9,0,0.0,0.0897
250,Tchami - Missing You.mp3,Wild Cherry - Play That Funky Music (Gordo Edit).mp3,0.03462172431917858,0.032094476190476263,8,1,0.00899,0.0564,9,1,0.0,0.0619
251,Jamie xx - Hold Tight.mp3,Snoop Dogg - Drop It LIke It's Hot (DEL30 remix).wav,0.03474335785301992,0.020009650793650798,1,1,0.936,0.0389,1,1,0.0,0.219
252,Jamie xx - SeeSaw (Club Version).mp3,Caribou - Can't Do Without You (Tale Of Us Remix).mp3,0.034747732243534904,0.033494534924647316,9,0,0.934,0.0438,9,0,0.82,0.0368
253,Marvin Gaye - Sexual Healing (Kygo Remix).mp3,Flume - Holdin' On.mp3,0.034748006240322586,0.12141738753844973,0,0,0.0211,0.0427,8,1,0.0,0.119
254,ODESZA - Say My Name (feat. Zyra).mp3,Justice - D.A.N.C.E.mp3,0.034752005086998175,0.017988762553643206,6,0,0.395,0.0479,6,0,0.0,0.278
255,Kanye West - Father Stretch My Hands Pt. 1.mp3,ODESZA - Say My Name (feat. Zyra).mp3,0.034853084411751584,0.01733163554046401,7,1,0.0,0.0549,6,0,0.395,0.0479
256,Hannah Wants  - Rhymes.mp3,Beyonce - Formation.mp3,0.034874395172804586,0.032984602266205185,5,1,0.00315,0.0766,5,0,0.0,0.237
257,Zhu - My Life (Kyle Watson Remix).mp3,Childish Gambino - This Is America (remix).mp3,0.03490342177525134,0.008071989464956537,5,0,0.789,0.0985,10,0,0.174,0.0559
258,Galantis - Runaway (U&I).mp3,Disclosure - Latch.mp3,0.034908447599718284,0.032970996671749145,1,1,0.00193,0.0469,1,1,0.000193,0.0919
259,ODESZA - Bloom (Lane 8 Remix).mp3,RL Grime - Pressure (Valentino Khan Remix).mp3,0.03492952938128609,0.008128260104323267,2,1,0.904,0.0437,2,1,0.284,0.174
260,Beyonce - Formation.mp3,Rufus Du Sol - Brighter.mp3,0.034999942665736285,0.03418861397052598,5,0,0.0,0.237,5,0,4.72e-05,0.0475
261,Wild Cherry - Play That Funky Music (Gordo Edit).mp3,What So Not - Goh (AC Slater Remix).mp3,0.035069644088761606,0.0500000004063493,9,1,0.0,0.0619,6,1,0.92,0.062
262,A$AP Ferg - Work (DJZA Tech House Remix).wav,Disclosure - Latch.mp3,0.035072030345674285,0.008696694702670763,1,1,0.0,0.142,1,1,0.000193,0.0919
263,RL Grime - Pressure (Valentino Khan Remix).mp3,Dillon Francis - Need You.mp3,0.035073509868050426,0.12549905770759462,2,1,0.284,0.174,4,0,0.0545,0.196
264,Drake - Get It Together.mp3,Disclosure - When A Fire Starts To Burn.mp3,0.035178092748789434,0.007617204965409462,5,0,0.391,0.0514,7,1,0.00134,0.231
265,Wild Cherry - Play That Funky Music (Gordo Edit).mp3,Hot Since 82 - Veins.mp3,0.03527292148018487,0.007737904761904724,9,1,0.0,0.0619,9,0,0.726,0.0547
266,Travis Scott - goosebumps.m4a,Jamie xx - SeeSaw (Club Version).mp3,0.03539650564199477,0.040292131955332336,7,1,0.0,0.0484,9,0,0.934,0.0438
267,Chris Lake - I Want You.mp3,Zhu - Exhale.mp3,0.03548751383677128,0.11980833226673507,11,0,0.35100000000000003,0.0712,8,0,0.0807,0.124
268,Rufus Du Sol - Underwater (Adam Port Remix).mp3,Tchami - Missing You.mp3,0.03553855042366855,0.07609137744034711,11,1,0.785,0.0525,8,1,0.00899,0.0564
269,Zhu - Faded.mp3,ODESZA - Bloom (Lane 8 Remix).mp3,0.03556140410246403,0.00013602285183918992,9,0,0.175,0.049,2,1,0.904,0.0437
270,Dillon Francis - Need You.mp3,Daft Punk - Aerodynamic.mp3,0.035578720427343224,0.09772152803208264,4,0,0.0545,0.196,7,1,0.861,0.0524
271,ODESZA - Memories That You Call (ODESZA & Golden Features VIP Remix).mp3,Skrillex - Midnight Hour.mp3,0.03559262064548733,0.04985166172205728,10,1,0.861,0.0315,0,1,0.000392,0.0685
272,Skrillex - Midnight Hour.mp3,Beyonce - Formation.mp3,0.035628268684680685,0.032894413197120394,0,1,0.000392,0.0685,5,0,0.0,0.237
273,Schoolboy Q - 5200.mp3,Hugo Massien - No Return.mp3,0.03571199011545588,0.04017269841269837,4,1,0.0,0.413,4,1,0.8,0.12
274,Backstreet Boys - I Want It That Way.mp3,Dillon Francis - Need You.mp3,0.03581576568011942,0.1305651765608748,6,0,0.0,0.0261,4,0,0.0545,0.196
275,ODESZA - Say My Name (feat. Zyra).mp3,Disclosure - When A Fire Starts To Burn.mp3,0.035823902636069466,0.07735901536749884,6,0,0.395,0.0479,7,1,0.00134,0.231
276,Beyonce - Formation.mp3,Zhu - My Life (Kyle Watson Remix).mp3,0.03583474986781108,0.00862535460702145,5,0,0.0,0.237,5,0,0.789,0.0985
277,Caribou - Can't Do Without You (Tale Of Us Remix).mp3,Kanye West - Father Stretch My Hands Pt. 1.mp3,0.03583984814034511,0.1424662103848332,9,0,0.82,0.0368,7,1,0.0,0.0549
278,Justice - D.A.N.C.E.mp3,Dog Blood - TURN OFF THE LIGHTS.mp3,0.035873641947703615,0.13283192496571264,6,0,0.0,0.278,11,0,0.7170000000000001,0.0594
279,Wild Cherry - Play That Funky Music (Gordo Edit).mp3,Zhu - My Life (Kyle Watson Remix).mp3,0.03589547335393027,0.0002347217480369826,9,1,0.0,0.0619,5,0,0.789,0.0985
280,Chrome Sparks - Wake.mp3,Tchami - Prophecy.mp3,0.03595221236277188,0.04175937731776612,6,0,0.48,0.0409,11,1,0.772,0.0487
281,Skrillex - Midnight Hour.mp3,A$AP Ferg - Work (DJZA Tech House Remix).wav,0.035954737829508296,0.023821206349206304,0,1,0.000392,0.0685,1,1,0.0,0.142
282,Four Tet - Only Human.mp3,A$AP Ferg - Work (DJZA Tech House Remix).wav,0.03596130262899242,0.0321188571428571,10,0,0.138,0.0691,1,1,0.0,0.142
283,Denzel Curry - SPEEDBOAT.mp3,Yaeji - raingurl.mp3,0.035996549629259716,0.06659667891452338,6,1,0.0,0.131,6,0,0.00353,0.0506
284,Beyoncé - Drunk in Love.mp3,Disclosure - Stimulation.mp3,0.036088303454403566,0.08552070574737601,5,0,0.00104,0.0468,7,1,0.573,0.158
285,Kanye West - Flashing Lights.mp3,Drake - 0 To 100.mp3,0.03610024290478563,0.024606778471050698,6,0,0.0,0.0399,11,0,0.0,0.39
286,Jack U - Mind (Malaa remix).mp3,Hannah Wants  - Rhymes.mp3,0.03614767238494618,0.02391060317460309,6,1,0.0197,0.0538,5,1,0.00315,0.0766
287,Bell Biv DeVoe - Poison (RIFFA Bootleg).wav,Disclosure - Latch.mp3,0.03621472751507953,0.008696694702670763,6,0,0.00417,0.21,1,1,0.000193,0.0919
288,Disclosure - When A Fire Starts To Burn.mp3,Hannah Wants  - Rhymes.mp3,0.03622399529782826,0.01646658276051245,7,1,0.00134,0.231,5,1,0.00315,0.0766
289,Linkin Park - In The End.mp3,Backstreet Boys - Everybody (Backstreet's Back).mp3,0.03622578457331863,0.027372245418144956,3,0,0.0,0.0584,10,0,3.27e-06,0.0402
290,What So Not - Goh (AC Slater Remix).mp3,Rufus Du Sol - Underwater (Adam Port Remix).mp3,0.0362498338393801,0.09476019183839483,6,1,0.92,0.062,11,1,0.785,0.0525
291,Four Tet - Baby.mp3,Dillon Francis - Masta Blasta (THE REBIRTH).mp3,0.036323600977308586,0.14106842113547302,0,1,0.00325,0.248,7,1,0.119,0.414
292,Zhu - My Life (Kyle Watson Remix).mp3,RL Grime - Pressure (Valentino Khan Remix).mp3,0.036447409033383726,0.024337901770472733,5,0,0.789,0.0985,2,1,0.284,0.174
293,FISHER - You Little Beauty.mp3,Denzel Curry - SPEEDBOAT.mp3,0.036547464579110116,0.033044217261979224,6,0,0.452,0.0924,6,1,0.0,0.131
294,Beyonce - Formation.mp3,Beyoncé - Drunk in Love.mp3,0.036666225898062815,0.14810684944984662,5,0,0.0,0.237,5,0,0.00104,0.0468
295,"Daft Punk - Harder, Better, Faster, Stronger.mp3",Chris Lake - I Want You.mp3,0.036674432942391734,0.012415468718364051,6,0,0.00263,0.14400000000000002,11,0,0.35100000000000003,0.0712
296,Zhu - My Life (Kyle Watson Remix).mp3,Seven Lions - Strangers.mp3,0.03667949738349824,0.05648766847128085,5,0,0.789,0.0985,0,0,1.6e-06,0.0394
297,Dog Blood - BREAK LAW.mp3,Shiba San - Okay.mp3,0.03675999729435995,0.13910958016186095,2,1,0.00205,0.0373,2,1,0.866,0.0414
298,The xx - Tides (Dixon Remix).mp3,Travis Scott - goosebumps.m4a,0.03677341435073159,0.06599288512926456,4,0,0.8170000000000001,0.0513,7,1,0.0,0.0484
299,ODESZA - Bloom (Lane 8 Remix).mp3,Wild Cherry - Play That Funky Music (Gordo Edit).mp3,0.03678539172391663,0.015840507936508014,2,1,0.904,0.0437,9,1,0.0,0.0619
300,James Blake  - Limit To Your Love (Club remix).mp3,Four Tet - Only Human.mp3,0.03679188628539175,0.0321188571428571,10,0,0.242,0.096,10,0,0.138,0.0691
301,Tchami - Missing You.mp3,Disclosure - Stimulation.mp3,0.03691573167345547,0.01576427604019009,8,1,0.00899,0.0564,7,1,0.573,0.158
302,Childish Gambino - This Is America (remix).mp3,Claptone - Cream.mp3,0.03695705218671715,0.03336472039131055,10,0,0.174,0.0559,1,1,0.911,0.0586
303,ODESZA - Say My Name (feat. Zyra).mp3,Justin Bieber - Yummy (Dance remix).wav,0.037094557335699566,0.06952641506153964,6,0,0.395,0.0479,9,0,0.0,0.0897
304,Bonobo - Bambro Koyo Ganda.mp3,Beyonce - Formation.mp3,0.03715200659209869,0.055818140895791325,1,1,0.334,0.0572,5,0,0.0,0.237
305,Dog Blood - TURN OFF THE LIGHTS.mp3,Drake - Get It Together.mp3,0.03715466423652232,0.04077684109551182,11,0,0.7170000000000001,0.0594,5,0,0.391,0.0514
306,Tchami - Missing You.mp3,Hannah Wants  - Rhymes.mp3,0.03719683915829055,0.007992761272809684,8,1,0.00899,0.0564,5,1,0.00315,0.0766
307,Shiba San - Okay.mp3,Zhu - Faded.mp3,0.0372193322885741,0.015949015176764097,2,1,0.866,0.0414,9,0,0.175,0.049
308,Dillon Francis - Masta Blasta (THE REBIRTH).mp3,Four Tet - Planet.mp3,0.037275043124216777,0.14181425860154528,7,1,0.119,0.414,0,1,0.862,0.0747
309,Disclosure - When A Fire Starts To Burn.mp3,Flume - Never Be Like You (Disclosure Remix).mp3,0.03733137687710501,0.03303773836511534,7,1,0.00134,0.231,2,1,0.000925,0.23
310,Hugo Massien - No Return.mp3,Chris Lake - I Want You.mp3,0.03733528750006704,0.01593803174603171,4,1,0.8,0.12,11,0,0.35100000000000003,0.0712
311,Dr Dre - The Next Episode.mp3,Kanye West - Fade.mp3,0.037383485105025635,0.11231439215068983,10,0,0.0,0.27,9,0,0.0,0.0908
312,"Daft Punk - Harder, Better, Faster, Stronger.mp3",Wild Cherry - Play That Funky Music (Gordo Edit).mp3,0.03742088455440097,0.0034793650793650327,6,0,0.00263,0.14400000000000002,9,1,0.0,0.0619
313,Tchami - Missing You.mp3,Kanye West - Father Stretch My Hands Pt. 1.mp3,0.03752985877010051,0.12298387096774208,8,1,0.00899,0.0564,7,1,0.0,0.0549
314,Justice - Genesis.mp3,Sacha Robotti - Low Key Goddess.mp3,0.03755092863675588,0.05946777156037759,9,1,0.366,0.384,7,0,0.871,0.0417
315,FISHER - You Little Beauty.mp3,Disclosure - Stimulation.mp3,0.03758857028306563,0.040415527434327636,6,0,0.452,0.0924,7,1,0.573,0.158
316,Gesaffelstein - Hellifornia.mp3,Drake - Nice For What.mp3,0.037595137304984,0.006360151615735576,5,1,0.28800000000000003,0.0329,8,1,0.000109,0.0705
317,Backstreet Boys - Everybody (Backstreet's Back).mp3,A$AP Ferg - Work (DJZA Tech House Remix).wav,0.0376991967186064,0.13910142472297052,10,0,3.27e-06,0.0402,1,1,0.0,0.142
318,Dog Blood - BREAK LAW.mp3,Justice - Genesis.mp3,0.037704343449662885,0.08390280941533795,2,1,0.00205,0.0373,9,1,0.366,0.384
319,Schoolboy Q - 5200.mp3,Justice - D.A.N.C.E.mp3,0.03773736614415084,0.13250453479626592,4,1,0.0,0.413,6,0,0.0,0.278
320,Justin Timberlake - Cry Me a River.mp3,Kodak Black - Patty Cake.mp3,0.03784983471539634,0.02927562124411235,8,0,0.0,0.17600000000000002,1,0,0.0,0.19
321,ODESZA - Memories That You Call (ODESZA & Golden Features VIP Remix).mp3,Justin Martin - Don't Go (Dusky Remix).mp3,0.03793929565569357,0.02563418780626015,10,1,0.861,0.0315,9,0,0.92,0.0595
322,Bicep - Just.mp3,Hannah Wants  - Rhymes.mp3,0.03797783560708814,0.04989083515274729,7,1,0.669,0.0599,5,1,0.00315,0.0766
323,Dillon Francis - Need You.mp3,Tchami - Prophecy.mp3,0.03798425891368215,0.11653164941363507,4,0,0.0545,0.196,11,1,0.772,0.0487
324,Dillon Francis - Masta Blasta (THE REBIRTH).mp3,Seven Lions - Strangers.mp3,0.038084002402362566,0.11559857502289042,7,1,0.119,0.414,0,0,1.6e-06,0.0394
325,Disclosure - When A Fire Starts To Burn.mp3,Justice - Genesis.mp3,0.038086643938845935,0.058886848062876314,7,1,0.00134,0.231,9,1,0.366,0.384
326,Jamie xx - Hold Tight.mp3,Bell Biv DeVoe - Poison (RIFFA Bootleg).wav,0.03811144028362624,0.020009650793650798,1,1,0.936,0.0389,6,0,0.00417,0.21
327,Hugo Massien - No Return.mp3,Caribou - Can't Do Without You (Tale Of Us Remix).mp3,0.03815672227508417,0.0500000004063493,4,1,0.8,0.12,9,0,0.82,0.0368
328,James Blake  - Limit To Your Love (Club remix).mp3,Bell Biv DeVoe - Poison (RIFFA Bootleg).wav,0.03818236318628495,0.0,10,0,0.242,0.096,6,0,0.00417,0.21
329,Jack U - Mind (Malaa remix).mp3,Beyoncé - Drunk in Love.mp3,0.03818828005697941,0.1380215873015873,6,1,0.0197,0.0538,5,0,0.00104,0.0468
330,Childish Gambino - This Is America (remix).mp3,Skrillex - Midnight Hour.mp3,0.03823023545723682,0.015861496157598798,10,0,0.174,0.0559,0,1,0.000392,0.0685
331,Yaeji - raingurl.mp3,ODESZA - Loyal.mp3,0.03834309900064525,0.09332572999828144,6,0,0.00353,0.0506,2,1,0.7809999999999999,0.0745
332,Disclosure - When A Fire Starts To Burn.mp3,Daft Punk - Aerodynamic.mp3,0.03841680285521767,0.008510846039934194,7,1,0.00134,0.231,7,1,0.861,0.0524
333,Caribou - Can't Do Without You (Tale Of Us Remix).mp3,Wild Cherry - Play That Funky Music (Gordo Edit).mp3,0.03842875134829209,0.0500000004063493,9,0,0.82,0.0368,9,1,0.0,0.0619
334,Sacha Robotti - Low Key Goddess.mp3,Tchami - Missing You.mp3,0.03855449336266738,0.024029157528060927,7,0,0.871,0.0417,8,1,0.00899,0.0564
335,Dog Blood - BREAK LAW.mp3,Sacha Robotti - Low Key Goddess.mp3,0.03864314059007851,0.14836009407930076,2,1,0.00205,0.0373,7,0,0.871,0.0417
336,A$AP Ferg - Work (DJZA Tech House Remix).wav,Bell Biv DeVoe - Poison (RIFFA Bootleg).wav,0.03867315822692837,0.0,1,1,0.0,0.142,6,0,0.00417,0.21
337,Beyonce - Formation.mp3,Corona - Rhythm Of The Night (Blonde Remix).mp3,0.03867393154733699,0.00886210091336923,5,0,0.0,0.237,5,0,0.6659999999999999,0.034
338,Linkin Park - In The End.mp3,Drake - Nice For What.mp3,0.038695490206513514,0.12580037261494312,3,0,0.0,0.0584,8,1,0.000109,0.0705
339,Shiba San - Okay.mp3,Four Tet - Planet.mp3,0.03869862453463118,0.032239446580553735,2,1,0.866,0.0414,0,1,0.862,0.0747
340,Rufus Du Sol - Brighter.mp3,Disclosure - Latch.mp3,0.038715198782599526,0.034358200349348,5,0,4.72e-05,0.0475,1,1,0.000193,0.0919
341,Flume - The Difference.mp3,Cardi B - I Like It (Dillon Francis Remix).mp3,0.03871560289252897,0.06524243655228003,1,1,0.000153,0.0909,5,0,1.49e-05,0.149
342,Tchami - Prophecy.mp3,What So Not - Goh (AC Slater Remix).mp3,0.03873509876351357,0.033527604633303586,11,1,0.772,0.0487,6,1,0.92,0.062
343,Zhu - Exhale.mp3,AC Slater - Fly Kicks (Wax Motif Remix).mp3,0.03874808390043392,0.11966502431533155,8,0,0.0807,0.124,11,0,0.728,0.0492
344,RL Grime - Pressure (Valentino Khan Remix).mp3,Schoolboy Q - 5200.mp3,0.03876405392690034,0.015696917753864666,2,1,0.284,0.174,4,1,0.0,0.413
345,Justin Martin - Don't Go (Dusky Remix).mp3,Sacha Robotti - Low Key Goddess.mp3,0.03876942767720331,0.007670306812272512,9,0,0.92,0.0595,7,0,0.871,0.0417
346,Justin Martin - Don't Go (Dusky Remix).mp3,M83 - Midnight City (Eric Prydz Remix).mp3,0.0387888636046074,0.031965028601144016,9,0,0.92,0.0595,7,1,0.0672,0.141
347,What So Not - Goh (AC Slater Remix).mp3,Hannah Wants  - Rhymes.mp3,0.03883075619391923,0.025480151441792703,6,1,0.92,0.062,5,1,0.00315,0.0766
348,Disclosure - When A Fire Starts To Burn.mp3,Bell Biv DeVoe - Poison (RIFFA Bootleg).wav,0.03886161842242188,0.007323428571428517,7,1,0.00134,0.231,6,0,0.00417,0.21
349,Zhu - My Life (Kyle Watson Remix).mp3,Tchami - Missing You.mp3,0.03889336045474387,0.032336731210067006,5,0,0.789,0.0985,8,1,0.00899,0.0564
350,Justice - Genesis.mp3,Flume - Never Be Like You (Disclosure Remix).mp3,0.03893700897323196,0.02502242535560196,9,1,0.366,0.384,2,1,0.000925,0.23
351,Seven Lions - Strangers.mp3,Beyoncé - Drunk in Love.mp3,0.0389658635303647,0.07742734694191593,0,0,1.6e-06,0.0394,5,0,0.00104,0.0468
352,Hannah Wants  - Rhymes.mp3,Zhu - My Life (Kyle Watson Remix).mp3,0.03897920252775552,0.02415093726121384,5,1,0.00315,0.0766,5,0,0.789,0.0985
353,Tchami - Missing You.mp3,Four Tet - Only Human.mp3,0.03898469067727403,2.362279126890534e-05,8,1,0.00899,0.0564,10,0,0.138,0.0691
354,Chris Lake - I Want You.mp3,ODESZA - Loyal.mp3,0.038986737133128425,0.11961634455394868,11,0,0.35100000000000003,0.0712,2,1,0.7809999999999999,0.0745
355,Rufus Du Sol - Underwater (Adam Port Remix).mp3,M83 - Midnight City (Eric Prydz Remix).mp3,0.03902888318866657,0.0761761117136659,11,1,0.785,0.0525,7,1,0.0672,0.141
356,Rufus Du Sol - Brighter.mp3,Childish Gambino - This Is America (remix).mp3,0.039041583545864116,0.05152882120508091,5,0,4.72e-05,0.0475,10,0,0.174,0.0559
357,Kanye West - On Sight.mp3,Beyoncé - Crazy In Love.mp3,0.039071010089298634,0.03391317501134458,9,0,0.0,0.325,2,0,0.0,0.226
358,Beyoncé - Drunk in Love.mp3,Drake - Get It Together.mp3,0.03915109126566309,0.1383534805830372,5,0,0.00104,0.0468,5,0,0.391,0.0514
359,James Blake  - Limit To Your Love (Club remix).mp3,Jack U - Mind (Malaa remix).mp3,0.03920671359534317,0.0,10,0,0.242,0.096,6,1,0.0197,0.0538
360,RL Grime - Pressure (Valentino Khan Remix).mp3,Kanye West - Father Stretch My Hands Pt. 1.mp3,0.03922246129132509,0.1142826825127335,2,1,0.284,0.174,7,1,0.0,0.0549
361,Four Tet - Planet.mp3,Tchami - Missing You.mp3,0.03929885192551475,0.00010237590858634179,0,1,0.862,0.0747,8,1,0.00899,0.0564
362,Skrillex - Midnight Hour.mp3,Kid Cudi - Pursuit of Happiness.mp3,0.03931582098725333,0.092828578120527,0,1,0.000392,0.0685,0,1,9.29e-05,0.0414
363,What So Not - Goh (AC Slater Remix).mp3,Four Tet - Only Human.mp3,0.03943067530648135,0.017324693895227648,6,1,0.92,0.062,10,0,0.138,0.0691
364,Zhu - Faded.mp3,Justice - Genesis.mp3,0.039444116113988105,0.0676946734441074,9,0,0.175,0.049,9,1,0.366,0.384
365,Justin Bieber - Yummy (Dance remix).wav,Virtual Self - Ghost Voices (Lane 8 Remix).mp3,0.039458575507479735,0.00038109756097560977,9,0,0.0,0.0897,2,1,0.815,0.0317
366,"Daft Punk - Harder, Better, Faster, Stronger.mp3",Schoolboy Q - 5200.mp3,0.03951056700120805,0.03656610649929136,6,0,0.00263,0.14400000000000002,4,1,0.0,0.413
367,Four Tet - Baby.mp3,Shiba San - Okay.mp3,0.03953158531330137,0.03291415007681859,0,1,0.00325,0.248,2,1,0.866,0.0414
368,Justice - D.A.N.C.E.mp3,What So Not - Goh (AC Slater Remix).mp3,0.039538280801652594,0.14320416581869672,6,0,0.0,0.278,6,1,0.92,0.062
369,Justice - D.A.N.C.E.mp3,Kanye West - Father Stretch My Hands Pt. 1.mp3,0.03959573796091728,0.0006459319559349935,6,0,0.0,0.278,7,1,0.0,0.0549
370,Zhu - My Life (Kyle Watson Remix).mp3,Bell Biv DeVoe - Poison (RIFFA Bootleg).wav,0.039625459688462365,0.0002347217480369826,5,0,0.789,0.0985,6,0,0.00417,0.21
371,Mr. Carmack - Pay For What.mp3,ALICE DEEJAY - Better Off Alone.mp3,0.039646101241977115,0.08080815456284597,11,0,0.00801,0.244,8,0,0.769,0.0565
372,Caribou - Can't Do Without You (Tale Of Us Remix).mp3,Four Tet - Baby.mp3,0.03965425328704518,0.016788273810460774,9,0,0.82,0.0368,0,1,0.00325,0.248
373,Dog Blood - BREAK LAW.mp3,Justin Martin - Don't Go (Dusky Remix).mp3,0.03967772358609302,0.13961886771487309,2,1,0.00205,0.0373,9,0,0.92,0.0595
374,Hot Since 82 - Veins.mp3,Chris Lake - I Want You.mp3,0.03972885102532603,0.008137162396470944,9,0,0.726,0.0547,11,0,0.35100000000000003,0.0712
375,Hot Since 82 - Veins.mp3,Justice - D.A.N.C.E.mp3,0.03991104808150133,0.09719063841083038,9,0,0.726,0.0547,6,0,0.0,0.278
376,Chris Lake - Y.O.D.O.mp3,Virtual Self - Ghost Voices (Lane 8 Remix).mp3,0.03993351721259171,0.008317073170731677,9,0,0.8959999999999999,0.0616,2,1,0.815,0.0317
377,RL Grime - Pressure (Valentino Khan Remix).mp3,Justice - Genesis.mp3,0.03995343175169338,0.07651958481055908,2,1,0.284,0.174,9,1,0.366,0.384
378,ODESZA - Say My Name (feat. Zyra).mp3,Virtual Self - Ghost Voices (Lane 8 Remix).mp3,0.04009717660509572,0.06911897642723049,6,0,0.395,0.0479,2,1,0.815,0.0317
379,Dillon Francis - Need You.mp3,Disclosure - When A Fire Starts To Burn.mp3,0.04009982857496697,0.107064066951885,4,0,0.0545,0.196,7,1,0.00134,0.231
380,Claptone - Cream.mp3,Beyonce - Formation.mp3,0.040148584950121184,0.016324047763880467,1,1,0.911,0.0586,5,0,0.0,0.237
381,Dillon Francis - Need You.mp3,Chris Lake - I Want You.mp3,0.04021233017807595,0.11653164941363507,4,0,0.0545,0.196,11,0,0.35100000000000003,0.0712
382,Dillon Francis - EDM O'CLOCK.mp3,Disclosure - Holding On.mp3,0.04033487542499156,0.0077785396825396065,1,1,0.124,0.109,5,1,0.000246,0.333
383,Flume - Never Be Like You (Disclosure Remix).mp3,Four Tet - Baby.mp3,0.04036368387391424,0.059024536604880724,2,1,0.000925,0.23,0,1,0.00325,0.248
384,Skrillex - Midnight Hour.mp3,Dog Blood - TURN OFF THE LIGHTS.mp3,0.040391780368817375,0.016264744637952824,0,1,0.000392,0.0685,11,0,0.7170000000000001,0.0594
385,Beyonce - Formation.mp3,James Blake  - Limit To Your Love (Club remix).mp3,0.0405183638560864,0.00886210091336923,5,0,0.0,0.237,10,0,0.242,0.096
386,FISHER - You Little Beauty.mp3,Beyoncé - Drunk in Love.mp3,0.04058071107209215,0.1293925976110398,6,0,0.452,0.0924,5,0,0.00104,0.0468
387,Seven Lions - Strangers.mp3,FISHER - You Little Beauty.mp3,0.040622933979664856,0.048230862913047366,0,0,1.6e-06,0.0394,6,0,0.452,0.0924
388,What So Not - Goh (AC Slater Remix).mp3,Snoop Dogg - Drop It LIke It's Hot (DEL30 remix).wav,0.04068187248255295,0.0500000004063493,6,1,0.92,0.062,1,1,0.0,0.219
389,Skrillex - Midnight Hour.mp3,What So Not - Goh (AC Slater Remix).mp3,0.04074009317979397,0.02556969312102127,0,1,0.000392,0.0685,6,1,0.92,0.062
390,Justice - D.A.N.C.E.mp3,Disclosure - When A Fire Starts To Burn.mp3,0.04075802968060509,0.0967393708799716,6,0,0.0,0.278,7,1,0.00134,0.231
391,Zhu - Exhale.mp3,Kodak Black - Patty Cake.mp3,0.040769897687253115,0.08650212522770281,8,0,0.0807,0.124,1,0,0.0,0.19
392,Hannah Wants  - Rhymes.mp3,A$AP Ferg - Work (DJZA Tech House Remix).wav,0.040792366407278034,0.02391060317460309,5,1,0.00315,0.0766,1,1,0.0,0.142
393,Ekali - Unfaith.mp3,Dog Blood - TURN OFF THE LIGHTS.mp3,0.04093648699679111,0.031423059198450294,4,0,0.231,0.101,11,0,0.7170000000000001,0.0594
394,"Daft Punk - Harder, Better, Faster, Stronger.mp3",Yaeji - raingurl.mp3,0.04094623339943528,0.03676047782952027,6,0,0.00263,0.14400000000000002,6,0,0.00353,0.0506
395,A$AP Ferg - Work (DJZA Tech House Remix).wav,Seven Lions - Strangers.mp3,0.041086790886477466,0.05623974603174613,1,1,0.0,0.142,0,0,1.6e-06,0.0394
396,Dog Blood - TURN OFF THE LIGHTS.mp3,Zhu - My Life (Kyle Watson Remix).mp3,0.04112463988103155,0.04071761855988578,11,0,0.7170000000000001,0.0594,5,0,0.789,0.0985
397,Rufus Du Sol - Underwater (Adam Port Remix).mp3,Daft Punk - One More Time (Capital People Remix).mp3,0.041130698828268274,0.04262875372830798,11,1,0.785,0.0525,2,1,0.0,0.133
398,Beyonce - Formation.mp3,Denzel Curry - SPEEDBOAT.mp3,0.041182704631722224,0.01620549737129342,5,0,0.0,0.237,6,1,0.0,0.131
399,Daft Punk - One More Time (Capital People Remix).mp3,ODESZA - Bloom (Lane 8 Remix).mp3,0.04121714299136843,0.015840507936508014,2,1,0.0,0.133,2,1,0.904,0.0437
400,Ginuwine - Pony.mp3,Four Tet - Only Human.mp3,0.041233281255460316,0.1183080181733715,8,0,0.0381,0.086,10,0,0.138,0.0691
401,Caribou - Can't Do Without You (Tale Of Us Remix).mp3,The Weeknd - Snowchild.mp3,0.04124814588347549,0.14581188164273926,9,0,0.82,0.0368,0,1,6.929999999999999e-05,0.112
402,What So Not - Goh (AC Slater Remix).mp3,James Blake  - Limit To Your Love (Club remix).mp3,0.04126517986707125,0.0500000004063493,6,1,0.92,0.062,10,0,0.242,0.096
403,Bicep - Just.mp3,Justin Martin - Don't Go (Dusky Remix).mp3,0.0413230648814843,0.025582906951550747,7,1,0.669,0.0599,9,0,0.92,0.0595
404,Love Regenerator - CP-1.mp3,Oliver Huntemann - Rotlicht.mp3,0.04135673293044075,0.03220941766598656,10,0,0.147,0.0553,10,0,0.901,0.0743
405,Bell Biv DeVoe - Poison (RIFFA Bootleg).wav,Tchami - Missing You.mp3,0.04142555508841307,0.032094476190476263,6,0,0.00417,0.21,8,1,0.00899,0.0564
406,Chris Lake - I Want You.mp3,Dog Blood - TURN OFF THE LIGHTS.mp3,0.041464372621233814,0.024150454370920414,11,0,0.35100000000000003,0.0712,11,0,0.7170000000000001,0.0594
407,Tchami - Prophecy.mp3,Wild Cherry - Play That Funky Music (Gordo Edit).mp3,0.041485483484978936,0.01593803174603171,11,1,0.772,0.0487,9,1,0.0,0.0619
408,Kodak Black - Patty Cake.mp3,ALICE DEEJAY - Better Off Alone.mp3,0.04150863105864151,0.11054806723425373,1,0,0.0,0.19,8,0,0.769,0.0565
409,What So Not - Goh (AC Slater Remix).mp3,FISHER - You Little Beauty.mp3,0.04154831007655183,0.04203842983538599,6,1,0.92,0.062,6,0,0.452,0.0924
410,Justin Martin - Don't Go (Dusky Remix).mp3,What So Not - Goh (AC Slater Remix).mp3,0.0415671579555908,0.0497856441757671,9,0,0.92,0.0595,6,1,0.92,0.062
411,Travis Scott - goosebumps.m4a,Caribou - Can't Do Without You (Tale Of Us Remix).mp3,0.041577172826098296,0.006577293639177912,7,1,0.0,0.0484,9,0,0.82,0.0368
412,Kanye West - Father Stretch My Hands Pt. 1.mp3,Chrome Sparks - Wake.mp3,0.04168397174316215,0.06109401528013601,7,1,0.0,0.0549,6,0,0.48,0.0409
413,Beyoncé - Drunk in Love.mp3,Wild Cherry - Play That Funky Music (Gordo Edit).mp3,0.041700618091867266,0.1380215873015873,5,0,0.00104,0.0468,9,1,0.0,0.0619
414,Jack U - Mind (Malaa remix).mp3,Bonobo - Bambro Koyo Ganda.mp3,0.04178723176017075,0.06517490780657573,6,1,0.0197,0.0538,1,1,0.334,0.0572
415,Dog Blood - TURN OFF THE LIGHTS.mp3,Dillon Francis - Need You.mp3,0.04179116127800664,0.1434963960664876,11,0,0.7170000000000001,0.0594,4,0,0.0545,0.196
416,Skrillex - Midnight Hour.mp3,Disclosure - Holding On.mp3,0.041807892204134216,0.015918841327699138,0,1,0.000392,0.0685,5,1,0.000246,0.333
417,Tchami - Missing You.mp3,Daft Punk - Aerodynamic.mp3,0.04181856600696053,0.03331109339148272,8,1,0.00899,0.0564,7,1,0.861,0.0524
418,FISHER - You Little Beauty.mp3,Skrillex - Midnight Hour.mp3,0.04183653714563367,0.016058135127069655,6,0,0.452,0.0924,0,1,0.000392,0.0685
419,Four Tet - Baby.mp3,What So Not - Goh (AC Slater Remix).mp3,0.0418503760499624,0.016788273810460774,0,1,0.00325,0.248,6,1,0.92,0.062
420,Kanye West - Father Stretch My Hands Pt. 1.mp3,The xx - Tides (Dixon Remix).mp3,0.04189425058373582,0.07878820033955855,7,1,0.0,0.0549,4,0,0.8170000000000001,0.0513
421,Jack U - Mind (Malaa remix).mp3,A$AP Ferg - Work (DJZA Tech House Remix).wav,0.04192067053851061,0.0,6,1,0.0197,0.0538,1,1,0.0,0.142
422,Kanye West - Father Stretch My Hands Pt. 1.mp3,Porter Robinson - Easy.m4a,0.04202820189014602,0.1317558007923034,7,1,0.0,0.0549,2,1,0.0,0.0426
423,Kendrick Lamar – HUMBLE (Skrillex Remix).mp3,Flume - The Difference.mp3,0.04208904675168212,0.06619386918529092,11,1,8.23e-05,0.272,1,1,0.000153,0.0909
424,Travis Scott - goosebumps.m4a,Schoolboy Q - 5200.mp3,0.04215673385972677,0.016087194312055717,7,1,0.0,0.0484,4,1,0.0,0.413
425,Daft Punk - One More Time (Capital People Remix).mp3,Wild Cherry - Play That Funky Music (Gordo Edit).mp3,0.04221400131034258,0.0,2,1,0.0,0.133,9,1,0.0,0.0619
426,Dog Blood - TURN OFF THE LIGHTS.mp3,Daft Punk - Aerodynamic.mp3,0.042228247128759264,0.04169989097004129,11,0,0.7170000000000001,0.0594,7,1,0.861,0.0524
427,ODESZA - Memories That You Call (ODESZA & Golden Features VIP Remix).mp3,Tchami - Missing You.mp3,0.042232997417194065,0.05833527784259475,10,1,0.861,0.0315,8,1,0.00899,0.0564
428,Travis Scott - SICKO MODE.mp3,Ginuwine - Pony.mp3,0.04226260892727618,0.09142116825325283,8,1,0.0,0.222,8,0,0.0381,0.086
429,Ginuwine - Pony.mp3,Dog Blood - TURN OFF THE LIGHTS.mp3,0.04233171087241533,0.10932850101931613,8,0,0.0381,0.086,11,0,0.7170000000000001,0.0594
430,Flume - The Difference.mp3,RL Grime - Tell Me.mp3,0.042348212579325986,0.14215535769112672,1,1,0.000153,0.0909,5,0,0.489,0.0512
431,Chris Lake - Y.O.D.O.mp3,The xx - Tides (Dixon Remix).mp3,0.04236343928949543,0.016598632764471596,9,0,0.8959999999999999,0.0616,4,0,0.8170000000000001,0.0513
432,Kanye West - On Sight.mp3,Drake - Nice For What.mp3,0.042424620177614634,0.09780071524937364,9,0,0.0,0.325,8,1,0.000109,0.0705
433,Travis Scott - goosebumps.m4a,Dillon Francis - Masta Blasta (THE REBIRTH).mp3,0.04243890834190837,0.11489515490315196,7,1,0.0,0.0484,7,1,0.119,0.414
434,Galantis - Runaway (U&I).mp3,Four Tet - Only Human.mp3,0.042459554310529064,0.007864580026664972,1,1,0.00193,0.0469,10,0,0.138,0.0691
435,Malaa - Notorious.mp3,George Fitzgerald - Burns.mp3,0.04247733856070837,0.007843742887797928,2,1,0.0016,0.0468,2,1,0.932,0.036000000000000004
436,Four Tet - Only Human.mp3,Dog Blood - TURN OFF THE LIGHTS.mp3,0.04253393719117717,0.008094551925605872,10,0,0.138,0.0691,11,0,0.7170000000000001,0.0594
437,Zhu - My Life (Kyle Watson Remix).mp3,James Blake  - Limit To Your Love (Club remix).mp3,0.042545427633373385,0.0002347217480369826,5,0,0.789,0.0985,10,0,0.242,0.096
438,Daft Punk - Aerodynamic.mp3,Daft Punk - One More Time (Capital People Remix).mp3,0.04257998490065283,0.001178784722787253,7,1,0.861,0.0524,2,1,0.0,0.133
439,ODESZA - Say My Name (feat. Zyra).mp3,Ekali - Unfaith.mp3,0.042598911845559126,0.1477817954245187,6,0,0.395,0.0479,4,0,0.231,0.101
440,Caribou - Can't Do Without You (Tale Of Us Remix).mp3,Ekali - Unfaith.mp3,0.042629908094133,0.02206500338375111,9,0,0.82,0.0368,4,0,0.231,0.101
441,J Balvin - Mi Gente.mp3,Chrome Sparks - Wake.mp3,0.042652742300175885,0.143274993092541,11,0,1.17e-05,0.0584,6,0,0.48,0.0409
442,James Blake  - Limit To Your Love (Club remix).mp3,Seven Lions - Strangers.mp3,0.04266162620910226,0.05623974603174613,10,0,0.242,0.096,0,0,1.6e-06,0.0394
443,Dog Blood - TURN OFF THE LIGHTS.mp3,Flume - Never Be Like You (Disclosure Remix).mp3,0.042708692590500814,0.0670339378583813,11,0,0.7170000000000001,0.0594,2,1,0.000925,0.23
444,RL Grime - Pressure (Valentino Khan Remix).mp3,Hannah Wants  - Rhymes.mp3,0.04271071203869548,0.00018255561993515583,2,1,0.284,0.174,5,1,0.00315,0.0766
445,The xx - Tides (Dixon Remix).mp3,Dog Blood - BREAK LAW.mp3,0.042800279302747365,0.12967387077059828,4,0,0.8170000000000001,0.0513,2,1,0.00205,0.0373
446,Kendrick Lamar – HUMBLE (Skrillex Remix).mp3,Cardi B - I Like It (Dillon Francis Remix).mp3,0.043002361217952985,0.0008931606556064903,11,1,8.23e-05,0.272,5,0,1.49e-05,0.149
447,Four Tet - Planet.mp3,Caribou - Can't Do Without You (Tale Of Us Remix).mp3,0.043025391965775005,0.017452877944291924,0,1,0.862,0.0747,9,0,0.82,0.0368
448,The xx - Tides (Dixon Remix).mp3,Dog Blood - TURN OFF THE LIGHTS.mp3,0.04305920946064743,0.04941884293185155,4,0,0.8170000000000001,0.0513,11,0,0.7170000000000001,0.0594
449,Drake - Get It Together.mp3,Skrillex - Midnight Hour.mp3,0.04307774173820126,0.02411979416474937,5,0,0.391,0.0514,0,1,0.000392,0.0685
450,Kanye West - Father Stretch My Hands Pt. 1.mp3,Beyoncé - Crazy In Love.mp3,0.04312143291534934,0.1404023597035243,7,1,0.0,0.0549,2,0,0.0,0.226
451,Oliver Huntemann - Rotlicht.mp3,Skrillex - Midnight Hour.mp3,0.0431317003055495,0.015943419811130472,10,0,0.901,0.0743,0,1,0.000392,0.0685
452,RL Grime - Pressure (Valentino Khan Remix).mp3,Drake - Get It Together.mp3,0.04313813764145853,0.024396192210452645,2,1,0.284,0.174,5,0,0.391,0.0514
453,Hot Since 82 - Veins.mp3,Jamie xx - SeeSaw (Club Version).mp3,0.04316211257954768,0.00816942072113489,9,0,0.726,0.0547,9,0,0.934,0.0438
454,Disclosure - Stimulation.mp3,Kanye West - Father Stretch My Hands Pt. 1.mp3,0.04317748316173648,0.14068689869835874,7,1,0.573,0.158,7,1,0.0,0.0549
455,Skrillex - Midnight Hour.mp3,Beyoncé - Drunk in Love.mp3,0.04319050567146658,0.11154328533553484,0,1,0.000392,0.0685,5,0,0.00104,0.0468
456,What So Not - Goh (AC Slater Remix).mp3,Daft Punk - Aerodynamic.mp3,0.04322156183814732,0.05123772436575491,6,1,0.92,0.062,7,1,0.861,0.0524
457,Zhu - Exhale.mp3,Bell Biv DeVoe - Poison (RIFFA Bootleg).wav,0.04322291611498751,0.13765587301587312,8,0,0.0807,0.124,6,0,0.00417,0.21
458,Childish Gambino - This Is America (remix).mp3,Jack U - Mind (Malaa remix).mp3,0.04323692554782358,0.007835428571428651,10,0,0.174,0.0559,6,1,0.0197,0.0538
459,Daft Punk - One More Time (Capital People Remix).mp3,Dog Blood - TURN OFF THE LIGHTS.mp3,0.04324531551035974,0.04047339682539695,2,1,0.0,0.133,11,0,0.7170000000000001,0.0594
460,Bell Biv DeVoe - Poison (RIFFA Bootleg).wav,Denzel Curry - SPEEDBOAT.mp3,0.04325991851753962,0.025211213037718398,6,0,0.00417,0.21,6,1,0.0,0.131
461,Beyoncé - Drunk in Love.mp3,Four Tet - Only Human.mp3,0.04326424717944271,0.10260710714257598,5,0,0.00104,0.0468,10,0,0.138,0.0691
462,Drake - Get It Together.mp3,Corona - Rhythm Of The Night (Blonde Remix).mp3,0.043312082543219686,0.00029164058498825393,5,0,0.391,0.0514,5,0,0.6659999999999999,0.034
463,James Blake  - Limit To Your Love (Club remix).mp3,FISHER - You Little Beauty.mp3,0.043323773636919805,0.007640380952381025,10,0,0.242,0.096,6,0,0.452,0.0924
464,Corona - Rhythm Of The Night (Blonde Remix).mp3,Seven Lions - Strangers.mp3,0.0433560834442925,0.05623974603174613,5,0,0.6659999999999999,0.034,0,0,1.6e-06,0.0394
465,Wild Cherry - Play That Funky Music (Gordo Edit).mp3,Rufus Du Sol - Underwater (Adam Port Remix).mp3,0.04337972637058435,0.04262875372830798,9,1,0.0,0.0619,11,1,0.785,0.0525
466,Justice - Genesis.mp3,What So Not - Goh (AC Slater Remix).mp3,0.04340649115328928,0.10374797146640473,9,1,0.366,0.384,6,1,0.92,0.062
467,Dog Blood - TURN OFF THE LIGHTS.mp3,Justin Martin - Don't Go (Dusky Remix).mp3,0.043416663423197215,0.04026098543941768,11,0,0.7170000000000001,0.0594,9,0,0.92,0.0595
468,RL Grime - Pressure (Valentino Khan Remix).mp3,Rufus Du Sol - Underwater (Adam Port Remix).mp3,0.04347339680156954,0.06775352494577003,2,1,0.284,0.174,11,1,0.785,0.0525
469,Beyoncé - Single Ladies (Put a Ring on It).mp3,Getter - Something New.mp3,0.043494489803183496,0.07444704889076502,1,1,0.0,0.29600000000000004,6,0,0.103,0.0941
470,Daft Punk - One More Time (Capital People Remix).mp3,What So Not - Goh (AC Slater Remix).mp3,0.04352200511741641,0.0500000004063493,2,1,0.0,0.133,6,1,0.92,0.062
471,Dog Blood - TURN OFF THE LIGHTS.mp3,Bell Biv DeVoe - Poison (RIFFA Bootleg).wav,0.043528588521933184,0.04047339682539695,11,0,0.7170000000000001,0.0594,6,0,0.00417,0.21
472,Chris Lake - I Want You.mp3,Disclosure - When A Fire Starts To Burn.mp3,0.0435511597595563,0.00855197340820346,11,0,0.35100000000000003,0.0712,7,1,0.00134,0.231
473,Beyoncé - Drunk in Love.mp3,Bell Biv DeVoe - Poison (RIFFA Bootleg).wav,0.043621012268868435,0.1380215873015873,5,0,0.00104,0.0468,6,0,0.00417,0.21
474,Tchami - Missing You.mp3,Love Regenerator - CP-1.mp3,0.04364253707265158,0.007866389492582405,8,1,0.00899,0.0564,10,0,0.147,0.0553
475,Kanye West - Fade.mp3,Drake - Nice For What.mp3,0.043673127122205856,0.13495513630425934,9,0,0.0,0.0908,8,1,0.000109,0.0705
476,Skrillex - Midnight Hour.mp3,Jack U - Mind (Malaa remix).mp3,0.04371352847951827,0.023821206349206304,0,1,0.000392,0.0685,6,1,0.0197,0.0538
477,Four Tet - Only Human.mp3,Disclosure - Latch.mp3,0.043772087001601734,0.04109487974029799,10,0,0.138,0.0691,1,1,0.000193,0.0919
478,Rufus Du Sol - Brighter.mp3,Jack U - Mind (Malaa remix).mp3,0.04380112549972512,0.04335369783099024,5,0,4.72e-05,0.0475,6,1,0.0197,0.0538
479,Jamie xx - Hold Tight.mp3,Galantis - Runaway (U&I).mp3,0.04382075547289962,0.0039758104996454055,1,1,0.936,0.0389,1,1,0.00193,0.0469
480,Bell Biv DeVoe - Poison (RIFFA Bootleg).wav,Wild Cherry - Play That Funky Music (Gordo Edit).mp3,0.04400550206586421,0.0,6,0,0.00417,0.21,9,1,0.0,0.0619
481,"Daft Punk - Harder, Better, Faster, Stronger.mp3",ODESZA - Bloom (Lane 8 Remix).mp3,0.044043581805739015,0.012318283053249768,6,0,0.00263,0.14400000000000002,2,1,0.904,0.0437
482,Denzel Curry - SPEEDBOAT.mp3,Drake - Passionfruit.mp3,0.04404787985355085,0.07180746561886048,6,1,0.0,0.131,11,1,0.085,0.0396
483,Denzel Curry - SPEEDBOAT.mp3,Tchami - Missing You.mp3,0.04410938946404819,0.05811482990476674,6,1,0.0,0.131,8,1,0.00899,0.0564
484,Dillon Francis - Masta Blasta (THE REBIRTH).mp3,Travis Scott - SICKO MODE.mp3,0.04413449387604534,0.06908704678221382,7,1,0.119,0.414,8,1,0.0,0.222
485,Kanye West - Father Stretch My Hands Pt. 1.mp3,J Balvin - Mi Gente.mp3,0.044195923950973416,0.07744928972265351,7,1,0.0,0.0549,11,0,1.17e-05,0.0584
486,Flume - Never Be Like You (Disclosure Remix).mp3,Oliver Huntemann - Rotlicht.mp3,0.0442615145141723,0.03347946392852389,2,1,0.000925,0.23,10,0,0.901,0.0743
487,Justice - D.A.N.C.E.mp3,Dog Blood - BREAK LAW.mp3,0.044262147228851516,0.0464933237031687,6,0,0.0,0.278,2,1,0.00205,0.0373
488,Tchami - Missing You.mp3,Seven Lions - Strangers.mp3,0.044262610015316096,0.02339443762008255,8,1,0.00899,0.0564,0,0,1.6e-06,0.0394
489,Love Regenerator - CP-1.mp3,Disclosure - Stimulation.mp3,0.044273898934976665,0.007836243603265642,10,0,0.147,0.0553,7,1,0.573,0.158
490,Disclosure - Latch.mp3,Dog Blood - TURN OFF THE LIGHTS.mp3,0.04430078907564798,0.04952207630383824,1,1,0.000193,0.0919,11,0,0.7170000000000001,0.0594
491,Caribou - Can't Do Without You (Tale Of Us Remix).mp3,Dillon Francis - Masta Blasta (THE REBIRTH).mp3,0.044339735534851946,0.12222814771384673,9,0,0.82,0.0368,7,1,0.119,0.414
492,FISHER - You Little Beauty.mp3,Dog Blood - TURN OFF THE LIGHTS.mp3,0.04437849291192345,0.032584061232226014,6,0,0.452,0.0924,11,0,0.7170000000000001,0.0594
493,Corona - Rhythm Of The Night (Blonde Remix).mp3,Beyoncé - Drunk in Love.mp3,0.04440389873592422,0.1380215873015873,5,0,0.6659999999999999,0.034,5,0,0.00104,0.0468
494,ODESZA - Loyal.mp3,ODESZA - Bloom (Lane 8 Remix).mp3,0.0444287720565594,0.11972383116259723,2,1,0.7809999999999999,0.0745,2,1,0.904,0.0437
495,Daft Punk - One More Time (Capital People Remix).mp3,Schoolboy Q - 5200.mp3,0.044506371968502594,0.04017269841269837,2,1,0.0,0.133,4,1,0.0,0.413
496,Beyoncé - Drunk in Love.mp3,Travis Scott - SICKO MODE.mp3,0.044528216641643185,0.10696279368706693,5,0,0.00104,0.0468,8,1,0.0,0.222
497,ODESZA - Bloom (Lane 8 Remix).mp3,Tchami - Prophecy.mp3,0.04457668567327522,9.600307209819708e-05,2,1,0.904,0.0437,11,1,0.772,0.0487
498,Chris Lake - I Want You.mp3,Tchami - Missing You.mp3,0.04465011181086773,0.015902982209138727,11,0,0.35100000000000003,0.0712,8,1,0.00899,0.0564
499,Kanye West - Father Stretch My Hands Pt. 1.mp3,Wild Cherry - Play That Funky Music (Gordo Edit).mp3,0.04468983203664398,0.08806305708828527,7,1,0.0,0.0549,9,1,0.0,0.0619
500,The xx - Tides (Dixon Remix).mp3,Ekali - Unfaith.mp3,0.04469567699433037,0.08239479335726832,4,0,0.8170000000000001,0.0513,4,0,0.231,0.101
501,Beyoncé - Single Ladies (Put a Ring on It).mp3,Gesaffelstein - Hellifornia.mp3,0.0447544566669245,0.029051581052900437,1,1,0.0,0.29600000000000004,5,1,0.28800000000000003,0.0329
502,Tchami - Missing You.mp3,Drake - Get It Together.mp3,0.04477500272181247,0.0323954768272756,8,1,0.00899,0.0564,5,0,0.391,0.0514
503,Ekali - Unfaith.mp3,Porter Robinson - Easy.m4a,0.04480682252678877,0.031737350376597896,4,0,0.231,0.101,2,1,0.0,0.0426
504,Drake - Get It Together.mp3,Beyonce - Formation.mp3,0.04486198858339575,0.008567961563058571,5,0,0.391,0.0514,5,0,0.0,0.237
505,Dog Blood - TURN OFF THE LIGHTS.mp3,ODESZA - Say My Name (feat. Zyra).mp3,0.044924901544330216,0.11281378207356955,11,0,0.7170000000000001,0.0594,6,0,0.395,0.0479
506,Dillon Francis - Masta Blasta (THE REBIRTH).mp3,What So Not - Goh (AC Slater Remix).mp3,0.04501100165625169,0.12222814771384673,7,1,0.119,0.414,6,1,0.92,0.062
507,Four Tet - Planet.mp3,Justin Bieber - Yummy (Dance remix).wav,0.04501516868873708,0.03198882539682532,0,1,0.862,0.0747,9,0,0.0,0.0897
508,Wild Cherry - Play That Funky Music (Gordo Edit).mp3,Four Tet - Baby.mp3,0.045046956655521705,0.0326633650793651,9,1,0.0,0.0619,0,1,0.00325,0.248
509,Tchami - Prophecy.mp3,Billie Eilish - Everything I Wanted (Rauschhaus Edit).wav,0.04506236862059205,0.01593803174603171,11,1,0.772,0.0487,6,0,0.657,0.0994
510,FISHER - You Little Beauty.mp3,Beyonce - Formation.mp3,0.045117721049715134,0.016570191692766842,6,0,0.452,0.0924,5,0,0.0,0.237
511,RL Grime - Tell Me.mp3,Beyonce - Formation.mp3,0.04515005547984613,0.14827902858173594,5,0,0.489,0.0512,5,0,0.0,0.237
512,Purple Disco Machine - Body Funk (Dom Dolla Remix).mp3,Tchami - Prophecy.mp3,0.04517440900278141,0.008104642629613879,9,1,0.755,0.0378,11,1,0.772,0.0487
513,Purple Disco Machine - Body Funk (Dom Dolla Remix).mp3,ODESZA - Say My Name (feat. Zyra).mp3,0.045175129019788776,0.07783707669842152,9,1,0.755,0.0378,6,0,0.395,0.0479
514,Rufus Du Sol - Underwater (Adam Port Remix).mp3,Chris Lake - I Want You.mp3,0.04518484067256427,0.05924620390455523,11,1,0.785,0.0525,11,0,0.35100000000000003,0.0712
515,Hannah Wants  - Rhymes.mp3,Justin Martin - Don't Go (Dusky Remix).mp3,0.045193032881225996,0.023701573062922414,5,1,0.00315,0.0766,9,0,0.92,0.0595
516,Daft Punk - Aerodynamic.mp3,RL Grime - Pressure (Valentino Khan Remix).mp3,0.045207570672341005,0.02530471432523473,7,1,0.861,0.0524,2,1,0.284,0.174
517,Purple Disco Machine - Body Funk (Dom Dolla Remix).mp3,ODESZA - Bloom (Lane 8 Remix).mp3,0.04524170371955192,0.008007870777320094,9,1,0.755,0.0378,2,1,0.904,0.0437
518,Disclosure - When A Fire Starts To Burn.mp3,Sacha Robotti - Low Key Goddess.mp3,0.04525462139545367,0.0005486171620357897,7,1,0.00134,0.231,7,0,0.871,0.0417
519,Rufus Du Sol - Underwater (Adam Port Remix).mp3,Four Tet - Planet.mp3,0.045338519527424834,0.07598122288503241,11,1,0.785,0.0525,0,1,0.862,0.0747
520,Hot Since 82 - Veins.mp3,Daft Punk - One More Time (Capital People Remix).mp3,0.04536106931760752,0.007737904761904724,9,0,0.726,0.0547,2,1,0.0,0.133
521,Travis Scott - goosebumps.m4a,Skrillex - Midnight Hour.mp3,0.045406538067594274,0.032315166140119804,7,1,0.0,0.0484,0,1,0.000392,0.0685
522,Justice - D.A.N.C.E.mp3,Daft Punk - One More Time (Capital People Remix).mp3,0.0454874791879526,0.08876587178693092,6,0,0.0,0.278,2,1,0.0,0.133
